CustomerID,Recency,Frequency,Monetary,R_Score,F_Score,M_Score,RFM_Score,Segment
12000,18,4,156.86,5,3,1,531,Loyal Customers
12001,25,4,313.87,4,3,1,431,Loyal Customers
12002,151,3,553.97,1,2,3,123,Hibernating
12003,17,8,921.67,5,5,4,554,Champions
12004,5,3,359.80999999999995,5,2,2,522,Recent Customers
12005,143,2,429.03999999999996,1,1,2,112,Hibernating
12006,89,3,392.46000000000004,2,2,2,222,Hibernating
12007,34,5,1053.75,4,4,5,445,Champions
12009,87,8,1252.29,2,5,5,255,At Risk
12010,363,1,92.25999999999999,1,1,1,111,Hibernating
12011,20,4,478.96999999999997,4,3,2,432,Loyal Customers
12012,253,3,331.01,1,2,2,122,Hibernating
12013,12,3,291.03999999999996,5,2,1,521,Recent Customers
12014,57,3,111.97,3,2,1,321,Potential Loyalists
12015,156,6,1058.87,1,4,5,145,At Risk
12016,310,1,374.15999999999997,1,1,2,112,Hibernating
12017,19,6,850.5200000000001,5,4,4,544,Champions
12018,1,5,626.3699999999999,5,4,3,543,Loyal Customers
12019,231,5,1224.5,1,4,5,145,At Risk
12020,53,4,504.28999999999996,3,3,2,332,Potential Loyalists
12021,171,6,1177.8400000000001,1,4,5,145,At Risk
12022,27,5,1063.48,4,4,5,445,Champions
12023,90,5,454.23,2,4,2,242,At Risk
12024,57,2,360.14,3,1,2,312,Potential Loyalists
12025,144,2,351.28999999999996,1,1,2,112,Hibernating
12026,92,6,1590.1799999999998,2,4,5,245,At Risk
12027,70,5,911.55,3,4,4,344,Potential Loyalists
12028,219,4,519.17,1,3,3,133,At Risk
12029,112,2,522.0899999999999,2,1,3,213,Hibernating
12031,87,2,583.1,2,1,3,213,Hibernating
12032,5,7,923.53,5,5,4,554,Champions
12033,73,3,238.02999999999997,3,2,1,321,Potential Loyalists
12034,7,4,704.73,5,3,4,534,Loyal Customers
12035,33,9,1248.15,4,5,5,455,Champions
12036,50,5,1022.4100000000001,3,4,4,344,Potential Loyalists
12037,4,2,277.92,5,1,1,511,Recent Customers
12038,146,5,976.75,1,4,4,144,At Risk
12039,149,6,837.33,1,4,4,144,At Risk
12040,111,2,39.760000000000005,2,1,1,211,Hibernating
12041,92,5,1087.1799999999998,2,4,5,245,At Risk
12042,12,1,60.78,5,1,1,511,Recent Customers
12043,91,2,622.3699999999999,2,1,3,213,Hibernating
12044,71,5,1248.94,3,4,5,345,Potential Loyalists
12045,87,2,347.32,2,1,2,212,Hibernating
12046,173,3,387.59000000000003,1,2,2,122,Hibernating
12047,15,4,504.40999999999997,5,3,2,532,Loyal Customers
12048,163,2,332.21999999999997,1,1,2,112,Hibernating
12049,176,2,500.19000000000005,1,1,2,112,Hibernating
12050,74,7,664.26,3,5,3,353,Potential Loyalists
12051,37,4,675.52,4,3,3,433,Loyal Customers
12052,39,5,922.5999999999999,4,4,4,444,Champions
12053,60,2,161.1,3,1,1,311,Potential Loyalists
12054,53,4,1014.03,3,3,4,334,Potential Loyalists
12055,11,9,901.51,5,5,4,554,Champions
12056,26,5,739.26,4,4,4,444,Champions
12057,22,3,543.27,4,2,3,423,Recent Customers
12058,45,4,338.78,4,3,2,432,Loyal Customers
12059,18,7,1038.96,5,5,5,555,Champions
12060,45,3,891.3100000000001,4,2,4,424,Recent Customers
12061,3,8,1491.53,5,5,5,555,Champions
12062,173,6,657.88,1,5,3,153,At Risk
12063,134,3,655.41,2,2,3,223,Hibernating
12064,213,2,470.47999999999996,1,1,2,112,Hibernating
12065,16,5,224.07,5,4,1,541,Loyal Customers
12066,240,1,193.5,1,1,1,111,Hibernating
12067,60,2,430.93999999999994,3,1,2,312,Potential Loyalists
12068,47,5,555.5799999999999,3,4,3,343,Potential Loyalists
12069,38,10,2118.19,4,5,5,455,Champions
12070,33,8,1923.94,4,5,5,455,Champions
12071,88,5,1274.75,2,4,5,245,At Risk
12072,209,2,306.09,1,1,1,111,Hibernating
12073,61,5,647.4,3,4,3,343,Potential Loyalists
12074,13,5,530.36,5,4,3,543,Loyal Customers
12075,87,1,296.96,2,1,1,211,Hibernating
12076,74,4,429.09999999999997,3,3,2,332,Potential Loyalists
12077,84,5,590.46,3,4,3,343,Potential Loyalists
12078,27,4,248.41,4,3,1,431,Loyal Customers
12079,146,1,104.50999999999999,1,1,1,111,Hibernating
12080,28,6,930.7700000000001,4,5,4,454,Champions
12081,5,5,717.42,5,4,4,544,Champions
12082,7,3,235.5,5,2,1,521,Recent Customers
12083,31,3,456.06,4,2,2,422,Recent Customers
12084,9,4,984.16,5,3,4,534,Loyal Customers
12085,36,5,559.4,4,4,3,443,Loyal Customers
12086,86,4,660.91,3,3,3,333,Potential Loyalists
12087,67,4,923.9300000000001,3,3,4,334,Potential Loyalists
12088,271,2,400.70000000000005,1,1,2,112,Hibernating
12089,12,6,1233.95,5,5,5,555,Champions
12091,220,3,168.12,1,2,1,121,Hibernating
12092,27,4,515.91,4,3,3,433,Loyal Customers
12093,4,5,754.81,5,4,4,544,Champions
12094,42,3,428.82,4,2,2,422,Recent Customers
12095,26,3,191.01999999999998,4,2,1,421,Recent Customers
12096,73,4,546.28,3,3,3,333,Potential Loyalists
12097,3,6,1046.59,5,5,5,555,Champions
12098,173,2,380.4,1,1,2,112,Hibernating
12099,64,2,459.3,3,1,2,312,Potential Loyalists
12100,32,5,530.02,4,4,3,443,Loyal Customers
12101,215,2,38.19,1,1,1,111,Hibernating
12102,152,1,108.02,1,1,1,111,Hibernating
12103,27,5,1173.88,4,4,5,445,Champions
12104,18,5,1177.73,5,4,5,545,Champions
12105,37,8,1669.8,4,5,5,455,Champions
12106,60,5,910.39,3,4,4,344,Potential Loyalists
12107,26,8,2113.2599999999998,4,5,5,455,Champions
12108,60,4,354.97,3,3,2,332,Potential Loyalists
12109,87,6,1014.97,2,5,4,254,At Risk
12110,85,5,809.48,3,4,4,344,Potential Loyalists
12111,53,4,704.1999999999999,3,3,4,334,Potential Loyalists
12112,203,4,1362.24,1,3,5,135,At Risk
12113,78,2,484.39000000000004,3,1,2,312,Potential Loyalists
12114,93,2,176.52,2,1,1,211,Hibernating
12115,60,2,427.85999999999996,3,1,2,312,Potential Loyalists
12116,13,5,832.24,5,4,4,544,Champions
12117,28,6,1218.61,4,5,5,455,Champions
12118,10,7,854.63,5,5,4,554,Champions
12119,11,2,547.94,5,1,3,513,Recent Customers
12120,11,5,550.47,5,4,3,543,Loyal Customers
12121,149,4,409.84,1,3,2,132,At Risk
12122,87,4,377.98,2,3,2,232,At Risk
12123,229,1,434.28,1,1,2,112,Hibernating
12124,9,6,1318.23,5,5,5,555,Champions
12125,71,4,1023.14,3,3,4,334,Potential Loyalists
12126,98,6,679.1400000000001,2,5,3,253,At Risk
12127,84,6,743.85,3,5,4,354,Potential Loyalists
12128,55,7,1119.03,3,5,5,355,Potential Loyalists
12129,58,5,315.36,3,4,2,342,Potential Loyalists
12130,101,5,702.87,2,4,4,244,At Risk
12131,47,4,925.25,3,3,4,334,Potential Loyalists
12132,40,4,489.38,4,3,2,432,Loyal Customers
12133,55,2,147.10000000000002,3,1,1,311,Potential Loyalists
12134,218,4,729.85,1,3,4,134,At Risk
12135,96,5,914.5699999999999,2,4,4,244,At Risk
12136,6,7,1029.34,5,5,5,555,Champions
12137,30,2,690.22,4,1,3,413,Recent Customers
12138,30,2,460.70000000000005,4,1,2,412,Recent Customers
12139,93,1,296.70000000000005,2,1,1,211,Hibernating
12140,101,5,1031.7399999999998,2,4,5,245,At Risk
12141,2,8,1505.6100000000001,5,5,5,555,Champions
12142,65,2,767.81,3,1,4,314,Potential Loyalists
12143,39,5,512.13,4,4,3,443,Loyal Customers
12144,19,5,749.3299999999999,4,4,4,444,Champions
12145,50,2,877.3599999999999,3,1,4,314,Potential Loyalists
12146,103,1,242.60000000000002,2,1,1,211,Hibernating
12147,181,3,1133.58,1,2,5,125,Hibernating
12148,6,6,1115.3700000000001,5,5,5,555,Champions
12149,4,2,775.75,5,1,4,514,Recent Customers
12150,160,4,772.36,1,3,4,134,At Risk
12151,6,4,319.14,5,3,2,532,Loyal Customers
12152,88,8,1516.2,2,5,5,255,At Risk
12153,62,4,880.87,3,3,4,334,Potential Loyalists
12154,107,2,164.26,2,1,1,211,Hibernating
12155,4,7,1714.18,5,5,5,555,Champions
12156,96,6,513.1600000000001,2,5,3,253,At Risk
12157,48,5,1106.66,3,4,5,345,Potential Loyalists
12158,58,2,374.31000000000006,3,1,2,312,Potential Loyalists
12159,107,2,176.94,2,1,1,211,Hibernating
12160,333,3,564.01,1,2,3,123,Hibernating
12161,37,5,598.74,4,4,3,443,Loyal Customers
12162,21,3,611.98,4,2,3,423,Recent Customers
12163,96,6,1115.96,2,5,5,255,At Risk
12164,105,2,185.53,2,1,1,211,Hibernating
12165,74,8,786.4399999999999,3,5,4,354,Potential Loyalists
12166,175,2,103.56,1,2,1,121,Hibernating
12167,4,6,775.22,5,5,4,554,Champions
12168,8,4,792.7,5,3,4,534,Loyal Customers
12169,86,3,520.42,2,2,3,223,Hibernating
12170,90,4,841.87,2,3,4,234,At Risk
12171,22,6,632.13,4,5,3,453,Loyal Customers
12172,113,1,19.62,2,1,1,211,Hibernating
12173,27,3,310.15000000000003,4,2,1,421,Recent Customers
12174,259,1,22.85,1,1,1,111,Hibernating
12175,195,1,224.56,1,1,1,111,Hibernating
12176,4,6,698.1400000000001,5,5,3,553,Loyal Customers
12177,20,2,540.8699999999999,4,2,3,423,Recent Customers
12178,77,6,1184.92,3,5,5,355,Potential Loyalists
12179,56,8,2031.63,3,5,5,355,Potential Loyalists
12180,164,3,496.48,1,2,2,122,Hibernating
12181,249,2,301.89,1,2,1,121,Hibernating
12182,108,4,666.89,2,3,3,233,At Risk
12183,51,4,432.09000000000003,3,3,2,332,Potential Loyalists
12184,79,2,331.18,3,2,2,322,Potential Loyalists
12185,11,4,825.8299999999999,5,3,4,534,Loyal Customers
12186,1,5,934.52,5,4,4,544,Champions
12187,147,3,376.73,1,2,2,122,Hibernating
12188,26,4,529.36,4,3,3,433,Loyal Customers
12189,51,5,491.75,3,4,2,342,Potential Loyalists
12190,52,6,1214.76,3,5,5,355,Potential Loyalists
12191,222,2,314.03,1,2,1,121,Hibernating
12192,354,1,108.5,1,1,1,111,Hibernating
12193,8,4,1073.36,5,3,5,535,Loyal Customers
12194,52,3,270.39,3,2,1,321,Potential Loyalists
12196,99,4,709.6,2,3,4,234,At Risk
12197,40,3,513.6700000000001,4,2,3,423,Recent Customers
12198,48,6,938.27,3,5,4,354,Potential Loyalists
12199,38,5,610.08,4,4,3,443,Loyal Customers
12200,26,6,779.89,4,5,4,454,Champions
12201,86,4,618.12,2,3,3,233,At Risk
12202,21,6,1054.54,4,5,5,455,Champions
12203,8,6,994.4399999999999,5,5,4,554,Champions
12204,25,6,1027.3899999999999,4,5,5,455,Champions
12205,9,2,377.91,5,2,2,522,Recent Customers
12206,287,1,72.04,1,1,1,111,Hibernating
12207,113,3,344.05,2,2,2,222,Hibernating
12208,108,3,147.56,2,2,1,221,Hibernating
12209,172,4,606.59,1,3,3,133,At Risk
12210,13,7,1078.76,5,5,5,555,Champions
12211,131,3,89.02000000000001,2,2,1,221,Hibernating
12212,210,4,534.08,1,3,3,133,At Risk
12213,29,2,223.33,4,2,1,421,Recent Customers
12214,89,4,627.95,2,3,3,233,At Risk
12215,5,4,507.26000000000005,5,3,2,532,Loyal Customers
12216,1,5,610.59,5,4,3,543,Loyal Customers
12217,182,3,548.8699999999999,1,2,3,123,Hibernating
12218,153,2,32.629999999999995,1,2,1,121,Hibernating
12219,121,6,856.02,2,5,4,254,At Risk
12220,37,7,1358.95,4,5,5,455,Champions
12221,135,3,147.93,2,2,1,221,Hibernating
12222,84,9,1917.27,3,5,5,355,Potential Loyalists
12224,29,2,346.25,4,2,2,422,Recent Customers
12225,41,2,214.88,4,2,1,421,Recent Customers
12226,126,2,292.84000000000003,2,2,1,221,Hibernating
12227,80,4,622.64,3,3,3,333,Potential Loyalists
12228,119,4,565.3,2,3,3,233,At Risk
12229,214,3,778.26,1,2,4,124,Hibernating
12230,9,2,174.57,5,2,1,521,Recent Customers
12231,86,8,1797.85,2,5,5,255,At Risk
12232,92,2,632.0500000000001,2,2,3,223,Hibernating
12233,20,6,575.5,4,5,3,453,Loyal Customers
12234,97,5,1577.7200000000003,2,4,5,245,At Risk
12235,317,1,33.9,1,1,1,111,Hibernating
12236,131,2,412.38,2,2,2,222,Hibernating
12237,123,3,255.12,2,2,1,221,Hibernating
12238,146,3,319.71999999999997,1,2,2,122,Hibernating
12239,23,5,413.08000000000004,4,4,2,442,Loyal Customers
12240,41,4,708.6399999999999,4,3,4,434,Loyal Customers
12241,30,4,351.38,4,3,2,432,Loyal Customers
12242,89,4,1395.73,2,3,5,235,At Risk
12243,15,4,655.55,5,3,3,533,Loyal Customers
12244,15,2,237.76,5,2,1,521,Recent Customers
12246,5,5,1134.44,5,4,5,545,Champions
12247,111,9,1192.08,2,5,5,255,At Risk
12248,47,2,468.36,3,2,2,322,Potential Loyalists
12249,143,5,1149.56,1,4,5,145,At Risk
