YearMonth,Revenue,Orders,Customers,Units,Average_Order_Value
2025-01,15979.05,81,71,372,197.2722222222222
2025-02,13542.27,72,72,324,188.08708333333334
2025-03,11745.93,66,60,269,177.96863636363636
2025-04,18272.95,84,87,449,217.53511904761905
2025-05,15931.32,79,74,393,201.66227848101266
2025-06,12084.32,70,71,283,172.63314285714284
2025-07,14858.880000000001,70,74,363,212.2697142857143
2025-08,9922.71,58,59,277,171.08120689655172
2025-09,10744.19,64,64,259,167.87796875
2025-10,14415.89,77,72,363,187.21935064935064
2025-11,12980.3,74,70,334,175.40945945945944
2025-12,13104.19,81,78,321,161.78012345679014
