InvoiceNo,StockCode,Description,Quantity,InvoiceDate,UnitPrice,CustomerID,Country,IsCancelled,Revenue
500026,A104,Decoration,6,2025-04-26,4.64,12225,Spain,False,27.84
500232,A104,Gift Set,5,2025-11-04,55.28,12103,Spain,False,276.4
500196,A103,Notebook,7,2025-01-13,76.14,12242,France,False,532.98
500131,A105,Notebook,7,2025-06-12,66.67,12142,France,False,466.69
500129,A100,Toy,5,2025-10-20,23.62,12096,Netherlands,False,118.1
500257,A105,Gift Set,3,2025-12-14,6.16,12000,Netherlands,False,18.48
500025,A105,Notebook,5,2025-04-02,75.35,12152,Germany,False,376.75
500209,A103,Gift Set,3,2025-08-26,75.09,12161,France,False,225.27
500060,A104,Toy,5,2025-03-11,43.53,12242,France,False,217.65
500028,A103,Lamp,6,2025-02-12,52.1,12179,Germany,False,312.6
500157,A101,Notebook,3,2025-05-09,38.08,12007,Germany,False,114.24
500292,A104,Notebook,4,2025-11-20,34.74,12141,United Kingdom,False,138.96
500220,A101,Gift Set,1,2025-09-09,11.32,12185,United Kingdom,False,11.32
500228,A101,Decoration,6,2025-06-28,9.55,12124,Germany,False,57.3
500215,A103,Lamp,4,2025-04-14,20.15,12107,Spain,False,80.6
500235,A105,Mug,4,2025-02-21,67.26,12202,United Kingdom,False,269.04
500153,A102,Notebook,4,2025-04-09,13.37,12152,Germany,False,53.48
500038,A102,Toy,2,2025-02-25,19.68,12170,United Kingdom,False,39.36
500251,A100,Toy,5,2025-03-10,44.79,12116,France,False,223.95
500135,A100,Notebook,6,2025-09-08,18.78,12069,Spain,False,112.68
500150,A100,Mug,3,2025-02-18,14.73,12129,France,False,44.19
500111,A100,Lamp,1,2025-01-18,45.94,12239,France,False,45.94
500054,A105,Lamp,3,2025-07-17,30.71,12150,Netherlands,False,92.13
500278,A105,Lamp,2,2025-04-15,50.84,12176,United Kingdom,False,101.68
500234,A104,Gift Set,3,2025-06-15,73.15,12031,United Kingdom,False,219.45
500193,A100,Notebook,5,2025-02-21,13.78,12246,Netherlands,False,68.9
500120,A100,Lamp,1,2025-03-18,73.25,12061,Germany,False,73.25
500246,A101,Decoration,6,2025-06-10,72.39,12242,United Kingdom,False,434.34
500163,A103,Lamp,2,2025-09-09,66.67,12111,Germany,False,133.34
500133,A102,Notebook,7,2025-06-01,51.24,12229,Germany,False,358.68
500135,A102,Lamp,6,2025-07-17,50.37,12222,France,False,302.22
500068,A101,Mug,2,2025-07-10,51.86,12188,Germany,False,103.72
500027,A104,Gift Set,4,2025-04-09,55.86,12229,Spain,False,223.44
500166,A101,Toy,1,2025-04-13,3.29,12152,France,False,3.29
500266,A100,Decoration,1,2025-06-05,76.73,12212,Netherlands,False,76.73
500019,A104,Decoration,7,2025-01-12,47.68,12043,Germany,False,333.76
500257,A105,Lamp,6,2025-09-08,62.95,12017,Netherlands,False,377.7
500248,A100,Gift Set,2,2025-08-13,31.43,12135,United Kingdom,False,62.86
500083,A102,Decoration,2,2025-04-22,2.97,12202,France,False,5.94
500189,A104,Notebook,2,2025-05-17,41.76,12191,Spain,False,83.52
500049,A104,Mug,3,2025-04-30,41.56,12131,Netherlands,False,124.68
500227,A105,Decoration,3,2025-08-26,36.09,12130,France,False,108.27
500210,A102,Toy,3,2025-10-05,28.5,12152,Netherlands,False,85.5
500106,A102,Toy,4,2025-02-09,21.49,12217,United Kingdom,False,85.96
500020,A104,Mug,2,2025-05-31,43.15,12210,Germany,False,86.3
500291,A100,Decoration,7,2025-01-06,31.27,12027,France,False,218.89
500133,A101,Notebook,6,2025-06-15,77.65,12148,Germany,False,465.9
500267,A103,Lamp,6,2025-04-01,15.49,12095,Netherlands,False,92.94
500203,A104,Toy,2,2025-05-03,26.93,12199,Spain,False,53.86
500233,A100,Lamp,5,2025-06-16,24.93,12126,Spain,False,124.65
500227,A103,Mug,6,2025-04-29,44.38,12247,France,False,266.28
500058,A102,Mug,2,2025-05-24,40.94,12108,Netherlands,False,81.88
500109,A103,Notebook,6,2025-10-07,52.21,12169,Germany,False,313.26
500140,A105,Decoration,3,2025-10-23,76.1,12027,Spain,False,228.3
500149,A100,Toy,6,2025-01-03,24.25,12233,Spain,False,145.5
500013,A105,Notebook,4,2025-05-18,56.04,12038,Spain,False,224.16
500163,A102,Toy,6,2025-11-06,3.95,12094,Spain,False,23.7
500046,A104,Toy,2,2025-07-13,22.47,12209,Germany,False,44.94
500223,A102,Notebook,3,2025-03-16,38.17,12241,Spain,False,114.51
500204,A101,Notebook,2,2025-08-05,4.42,12121,Netherlands,False,8.84
500276,A104,Decoration,2,2025-02-22,50.18,12121,France,False,100.36
500223,A104,Lamp,3,2025-01-08,54.91,12012,Germany,False,164.73
500109,A100,Gift Set,3,2025-08-19,60.25,12244,United Kingdom,False,180.75
500290,A104,Toy,1,2025-07-08,42.29,12004,France,False,42.29
500123,A104,Lamp,5,2025-10-04,49.11,12006,Spain,False,245.55
500097,A102,Lamp,4,2025-05-06,32.89,12118,Spain,False,131.56
500271,A105,Toy,6,2025-11-08,5.22,12000,France,False,31.32
500111,A103,Decoration,5,2025-06-03,9.8,12041,Germany,False,49.0
500022,A102,Mug,2,2025-09-27,53.09,12156,Netherlands,False,106.18
500140,A100,Notebook,1,2025-02-06,79.65,12176,United Kingdom,False,79.65
500238,A104,Mug,3,2025-02-05,3.23,12074,United Kingdom,False,9.69
500056,A101,Lamp,4,2025-10-13,45.49,12198,France,False,181.96
500138,A104,Notebook,2,2025-11-01,60.58,12151,Spain,False,121.16
500038,A103,Notebook,6,2025-12-10,66.49,12057,France,False,398.94
500205,A102,Toy,5,2025-04-29,44.53,12178,Netherlands,False,222.65
500142,A100,Notebook,6,2025-01-09,50.35,12148,Netherlands,False,302.1
500099,A104,Notebook,1,2025-12-24,56.34,12203,Germany,False,56.34
500068,A100,Notebook,6,2025-08-08,69.0,12038,France,False,414.0
500169,A102,Mug,2,2025-04-01,11.54,12057,United Kingdom,False,23.08
500200,A105,Gift Set,4,2025-10-06,74.24,12075,Netherlands,False,296.96
500282,A105,Toy,4,2025-11-26,4.03,12085,Netherlands,False,16.12
500131,A105,Gift Set,6,2025-04-14,67.22,12222,Germany,False,403.32
500048,A105,Mug,2,2025-10-08,7.99,12183,Germany,False,15.98
500249,A103,Toy,2,2025-10-15,17.18,12136,Spain,False,34.36
500188,A101,Gift Set,3,2025-07-03,2.3,12135,Spain,False,6.9
500210,A105,Lamp,3,2025-08-19,36.73,12221,United Kingdom,False,110.19
500029,A104,Toy,2,2025-04-09,28.08,12111,Spain,False,56.16
500093,A105,Lamp,2,2025-12-06,14.95,12056,Netherlands,False,29.9
500230,A103,Mug,2,2025-12-25,37.19,12034,Spain,False,74.38
500249,A100,Gift Set,4,2025-12-25,33.38,12082,Germany,False,133.52
500130,A103,Decoration,3,2025-09-27,61.88,12163,Germany,False,185.64
500241,A102,Mug,3,2025-01-16,71.66,12117,France,False,214.98
500252,A105,Toy,6,2025-05-14,52.9,12105,Spain,False,317.4
500116,A102,Mug,2,2025-06-12,11.7,12120,France,False,23.4
500269,A101,Gift Set,7,2025-12-17,25.04,12243,France,False,175.28
500086,A100,Toy,6,2025-07-19,73.24,12249,France,False,439.44
500071,A105,Decoration,2,2025-07-15,8.92,12040,France,False,17.84
500204,A104,Decoration,3,2025-02-23,33.73,12028,France,False,101.19
500191,A100,Toy,2,2025-10-17,75.52,12061,United Kingdom,False,151.04
500041,A102,Mug,2,2025-05-03,76.15,12212,Spain,False,152.3
500249,A102,Decoration,3,2025-02-03,34.07,12114,Germany,False,102.21
500059,A102,Toy,1,2025-12-27,54.06,12215,Netherlands,False,54.06
500241,A105,Mug,1,2025-03-11,37.63,12161,United Kingdom,False,37.63
500002,A100,Gift Set,4,2025-01-06,60.77,12138,Spain,False,243.08
500239,A101,Decoration,5,2025-01-29,4.46,12070,United Kingdom,False,22.3
500236,A101,Mug,3,2025-06-15,13.24,12086,Germany,False,39.72
500234,A101,Toy,7,2025-02-07,49.91,12036,Germany,False,349.37
500199,A105,Gift Set,3,2025-11-04,20.14,12129,Germany,False,60.42
500141,A105,Mug,7,2025-07-07,53.95,12070,Spain,False,377.65
500211,A100,Mug,2,2025-04-29,29.4,12073,Netherlands,False,58.8
500083,A103,Mug,4,2025-01-02,71.16,12009,France,False,284.64
500234,A101,Toy,6,2025-06-25,65.9,12199,Netherlands,False,395.4
500166,A101,Decoration,1,2025-02-25,40.44,12234,United Kingdom,False,40.44
500137,A101,Decoration,7,2025-12-23,62.29,12124,France,False,436.03
500151,A101,Toy,3,2025-04-17,23.15,12134,France,False,69.45
500170,A102,Mug,4,2025-06-23,40.55,12231,Netherlands,False,162.2
500011,A105,Decoration,5,2025-01-07,17.4,12127,United Kingdom,False,87.0
500041,A103,Lamp,5,2025-02-17,69.15,12155,France,False,345.75
500073,A104,Lamp,1,2025-03-17,66.2,12107,Germany,False,66.2
500034,A102,Toy,7,2025-01-19,72.37,12128,Netherlands,False,506.59
500131,A100,Toy,5,2025-09-22,70.44,12130,Germany,False,352.2
500200,A100,Decoration,7,2025-12-12,76.85,12177,Netherlands,False,537.95
500196,A101,Lamp,4,2025-12-26,19.81,12151,Spain,False,79.24
500141,A101,Lamp,5,2025-04-08,74.68,12125,Spain,False,373.4
500256,A105,Toy,4,2025-10-15,46.55,12018,Spain,False,186.2
500169,A105,Mug,7,2025-07-03,34.95,12226,United Kingdom,False,244.65
500023,A105,Mug,6,2025-01-17,45.71,12222,Germany,False,274.26
500229,A103,Lamp,7,2025-02-03,28.72,12046,Germany,False,201.04
500172,A103,Gift Set,4,2025-07-19,24.51,12073,France,False,98.04
500190,A103,Mug,6,2025-06-04,20.82,12243,United Kingdom,False,124.92
500169,A102,Toy,3,2025-01-04,8.43,12080,United Kingdom,False,25.29
500166,A104,Decoration,4,2025-12-06,40.73,12203,Spain,False,162.92
500027,A104,Lamp,6,2025-09-24,71.25,12196,Spain,False,427.5
500167,A104,Notebook,1,2025-07-03,51.15,12215,France,False,51.15
500238,A103,Notebook,5,2025-12-27,42.64,12004,Spain,False,213.2
500091,A100,Toy,1,2025-12-21,35.43,12120,Spain,False,35.43
500180,A104,Lamp,5,2025-12-22,38.22,12141,Netherlands,False,191.1
500009,A102,Gift Set,4,2025-04-05,18.32,12209,Netherlands,False,73.28
500104,A104,Lamp,4,2025-11-18,66.19,12056,Netherlands,False,264.76
500131,A103,Notebook,4,2025-07-04,17.47,12076,United Kingdom,False,69.88
500294,A105,Toy,4,2025-09-23,57.9,12044,Spain,False,231.6
500064,A102,Decoration,3,2025-11-10,61.28,12190,France,False,183.84
500082,A105,Decoration,4,2025-03-01,46.84,12249,Germany,False,187.36
500122,A105,Lamp,4,2025-06-13,69.31,12035,Spain,False,277.24
500297,A101,Notebook,6,2025-02-17,24.7,12058,Spain,False,148.2
500256,A102,Notebook,4,2025-04-13,70.77,12076,Germany,False,283.08
500010,A103,Mug,5,2025-05-31,58.89,12222,Netherlands,False,294.45
500070,A104,Decoration,6,2025-11-09,64.3,12111,United Kingdom,False,385.8
500246,A104,Decoration,7,2025-11-11,53.84,12070,United Kingdom,False,376.88
500017,A105,Decoration,1,2025-05-23,68.01,12080,United Kingdom,False,68.01
500256,A102,Mug,5,2025-05-01,79.46,12149,Netherlands,False,397.3
500084,A103,Mug,2,2025-07-13,34.77,12096,Germany,False,69.54
500275,A102,Decoration,2,2025-11-29,65.49,12035,Germany,False,130.98
500088,A105,Lamp,6,2025-12-23,60.08,12205,Spain,False,360.48
500130,A101,Toy,1,2025-03-24,37.32,12105,Germany,False,37.32
500198,A103,Notebook,6,2025-03-10,74.3,12064,Germany,False,445.8
500037,A100,Notebook,6,2025-09-15,32.77,12182,United Kingdom,False,196.62
500167,A105,Lamp,7,2025-04-21,46.11,12186,United Kingdom,False,322.77
500151,A102,Toy,5,2025-03-14,10.26,12038,Netherlands,False,51.3
500235,A102,Notebook,7,2025-01-12,19.61,12018,Germany,False,137.27
500298,A103,Toy,1,2025-05-28,67.57,12011,United Kingdom,False,67.57
500199,A102,Mug,7,2025-05-24,32.93,12191,France,False,230.51
500122,A105,Notebook,2,2025-07-25,32.74,12156,France,False,65.48
500121,A103,Decoration,3,2025-03-15,21.19,12198,France,False,63.57
500125,A103,Decoration,1,2025-09-18,40.35,12156,France,False,40.35
500244,A100,Decoration,3,2025-09-06,64.85,12100,Spain,False,194.55
500096,A100,Mug,6,2025-06-18,71.82,12147,United Kingdom,False,430.92
500050,A102,Decoration,2,2025-03-08,7.47,12180,France,False,14.94
500100,A105,Decoration,6,2025-07-05,46.84,12099,Germany,False,281.04
500006,A105,Decoration,5,2025-09-04,38.45,12228,Germany,False,192.25
500031,A103,Gift Set,5,2025-05-17,49.91,12224,Netherlands,False,249.55
500027,A103,Toy,7,2025-04-07,36.89,12200,Netherlands,False,258.23
500231,A102,Decoration,4,2025-07-04,33.09,12248,France,False,132.36
500216,A101,Toy,3,2025-05-10,38.81,12097,Germany,False,116.43
500209,A100,Mug,7,2025-05-27,47.4,12028,United Kingdom,False,331.8
500138,A102,Toy,4,2025-05-08,41.08,12121,Spain,False,164.32
500215,A101,Gift Set,5,2025-04-21,38.83,12186,United Kingdom,False,194.15
500048,A101,Notebook,3,2025-09-19,65.79,12194,United Kingdom,False,197.37
500270,A101,Lamp,2,2025-06-17,60.16,12097,Spain,False,120.32
500150,A100,Notebook,2,2025-06-20,28.63,12073,United Kingdom,False,57.26
500281,A103,Toy,2,2025-08-27,64.45,12111,Germany,False,128.9
500045,A105,Mug,2,2025-05-12,68.58,12200,United Kingdom,False,137.16
500149,A104,Lamp,6,2025-02-06,13.97,12015,Spain,False,83.82
500208,A102,Lamp,1,2025-11-08,47.45,12082,Spain,False,47.45
500148,A102,Lamp,5,2025-01-21,24.25,12057,Germany,False,121.25
500133,A101,Mug,7,2025-07-28,59.66,12201,Netherlands,False,417.62
500049,A100,Mug,6,2025-04-08,20.63,12117,Germany,False,123.78
500114,A103,Mug,3,2025-03-20,54.37,12021,United Kingdom,False,163.11
500071,A103,Notebook,1,2025-01-16,21.9,12065,United Kingdom,False,21.9
500090,A100,Lamp,6,2025-11-25,41.87,12011,France,False,251.22
500205,A102,Notebook,1,2025-06-06,75.99,12118,France,False,75.99
500189,A101,Notebook,5,2025-05-06,31.74,12249,France,False,158.7
500182,A101,Mug,5,2025-09-28,70.31,12141,France,False,351.55
500108,A104,Mug,2,2025-01-15,78.98,12217,Germany,False,157.96
500287,A103,Lamp,6,2025-07-26,70.24,12185,United Kingdom,False,421.44
500026,A103,Toy,2,2025-06-30,14.94,12220,Spain,False,29.88
500102,A104,Mug,2,2025-07-22,65.93,12077,France,False,131.86
500035,A105,Decoration,6,2025-02-15,4.51,12237,Spain,False,27.06
500101,A104,Lamp,7,2025-12-14,32.68,12059,Germany,False,228.76
500288,A103,Mug,2,2025-03-29,69.92,12109,Netherlands,False,139.84
500109,A105,Notebook,7,2025-09-05,55.72,12170,Germany,False,390.04
500272,A102,Gift Set,7,2025-09-30,43.55,12071,France,False,304.85
500148,A105,Gift Set,6,2025-05-06,32.25,12066,Germany,False,193.5
500209,A104,Notebook,1,2025-02-17,65.36,12032,Spain,False,65.36
500137,A103,Notebook,3,2025-04-19,57.35,12001,Germany,False,172.05
500079,A105,Toy,5,2025-10-22,38.54,12125,Germany,False,192.7
500229,A103,Gift Set,7,2025-11-27,71.61,12246,Germany,False,501.27
500290,A104,Decoration,6,2025-12-08,19.94,12055,France,False,119.64
500079,A101,Mug,3,2025-03-24,15.29,12110,France,False,45.87
500233,A105,Gift Set,2,2025-08-10,52.14,12233,Netherlands,False,104.28
500078,A103,Toy,7,2025-02-25,77.82,12193,Spain,False,544.74
500215,A104,Toy,2,2025-09-17,21.29,12001,United Kingdom,False,42.58
500236,A102,Lamp,3,2025-06-01,21.47,12125,Netherlands,False,64.41
500134,A105,Gift Set,7,2025-09-18,12.88,12035,Spain,False,90.16
500221,A100,Gift Set,4,2025-09-08,69.12,12061,United Kingdom,False,276.48
500081,A100,Notebook,2,2025-12-29,19.66,12061,Spain,False,39.32
500023,A103,Notebook,1,2025-06-28,41.25,12153,Germany,False,41.25
500028,A104,Decoration,4,2025-05-05,79.29,12049,Netherlands,False,317.16
500134,A104,Mug,7,2025-07-12,2.95,12062,Germany,False,20.65
500270,A102,Mug,4,2025-03-01,45.41,12056,Germany,False,181.64
500038,A103,Decoration,5,2025-02-10,41.96,12089,France,False,209.8
500136,A103,Gift Set,2,2025-07-09,64.98,12164,France,False,129.96
500211,A105,Gift Set,6,2025-10-29,29.71,12099,Spain,False,178.26
500060,A103,Notebook,6,2025-07-14,34.01,12081,Netherlands,False,204.06
500216,A102,Notebook,5,2025-10-13,15.1,12129,Netherlands,False,75.5
500091,A105,Lamp,6,2025-03-06,59.78,12153,Spain,False,358.68
500242,A100,Decoration,5,2025-06-14,63.21,12003,Spain,False,316.05
500173,A105,Decoration,3,2025-08-12,12.66,12222,Germany,False,37.98
500164,A100,Mug,6,2025-05-07,32.69,12229,France,False,196.14
500053,A101,Decoration,6,2025-01-06,71.65,12150,Spain,False,429.9
500138,A104,Lamp,6,2025-01-27,2.21,12143,France,False,13.26
500256,A104,Gift Set,2,2025-12-05,25.3,12173,France,False,50.6
500005,A105,Decoration,5,2025-08-09,45.29,12110,Netherlands,False,226.45
500227,A104,Gift Set,1,2025-04-07,28.06,12091,Germany,False,28.06
500147,A103,Lamp,5,2025-04-05,23.22,12088,France,False,116.1
500215,A102,Toy,4,2025-01-15,37.88,12039,Netherlands,False,151.52
500198,A100,Mug,3,2025-12-11,16.16,12210,Netherlands,False,48.48
500129,A100,Mug,7,2025-02-09,43.31,12080,France,False,303.17
500092,A101,Notebook,7,2025-10-05,57.12,12071,Germany,False,399.84
500188,A100,Decoration,1,2025-03-29,46.87,12241,Germany,False,46.87
500042,A103,Mug,2,2025-05-03,9.26,12126,Spain,False,18.52
500175,A104,Lamp,2,2025-04-10,67.86,12155,Netherlands,False,135.72
500028,A105,Notebook,7,2025-10-28,15.65,12061,Germany,False,109.55
500194,A102,Gift Set,4,2025-01-12,61.66,12069,Spain,False,246.64
500188,A105,Toy,6,2025-05-09,30.12,12182,Germany,False,180.72
500025,A105,Toy,6,2025-04-12,63.06,12112,Netherlands,False,378.36
500227,A105,Lamp,6,2025-04-10,18.09,12036,Germany,False,108.54
500124,A102,Mug,1,2025-03-12,16.56,12208,France,False,16.56
500236,A101,Gift Set,1,2025-11-30,40.77,12100,Germany,False,40.77
500012,A105,Notebook,3,2025-05-19,4.57,12167,Netherlands,False,13.71
500053,A101,Lamp,3,2025-06-02,19.57,12085,Spain,False,58.71
500148,A102,Lamp,6,2025-05-21,58.47,12140,United Kingdom,False,350.82
500056,A100,Mug,2,2025-12-24,67.32,12193,United Kingdom,False,134.64
500098,A104,Lamp,3,2025-05-04,8.3,12221,Germany,False,24.9
500198,A103,Mug,2,2025-05-05,70.8,12051,Netherlands,False,141.6
500043,A100,Toy,2,2025-04-30,64.21,12168,Germany,False,128.42
500203,A101,Toy,2,2025-04-30,69.84,12228,Germany,False,139.68
500031,A103,Lamp,2,2025-02-02,56.48,12160,Spain,False,112.96
500052,A103,Gift Set,4,2025-08-09,54.58,12035,Germany,False,218.32
500176,A104,Decoration,3,2025-01-10,42.96,12047,Netherlands,False,128.88
500238,A101,Gift Set,4,2025-03-24,52.92,12050,Spain,False,211.68
500051,A105,Decoration,4,2025-03-15,73.69,12026,Spain,False,294.76
500089,A102,Gift Set,6,2025-04-17,9.84,12188,Spain,False,59.04
500277,A104,Lamp,7,2025-10-04,26.63,12241,Spain,False,186.41
500296,A101,Gift Set,4,2025-08-07,7.65,12129,United Kingdom,False,30.6
500174,A100,Gift Set,5,2025-12-28,75.69,12149,Germany,False,378.45
500134,A100,Toy,6,2025-05-09,36.73,12193,United Kingdom,False,220.38
500104,A102,Toy,5,2025-12-05,54.68,12103,Germany,False,273.4
500183,A105,Gift Set,1,2025-01-17,67.61,12118,United Kingdom,False,67.61
500177,A100,Decoration,7,2025-07-04,79.3,12147,Germany,False,555.1
500088,A102,Mug,2,2025-10-19,14.62,12076,France,False,29.24
500006,A100,Mug,3,2025-07-14,64.36,12015,United Kingdom,False,193.08
500045,A105,Mug,5,2025-12-07,71.22,12141,United Kingdom,False,356.1
500287,A104,Notebook,3,2025-04-25,5.81,12205,Germany,False,17.43
500125,A104,Mug,2,2025-01-13,60.82,12018,United Kingdom,False,121.64
500144,A104,Notebook,7,2025-10-10,29.67,12054,Netherlands,False,207.69
500140,A103,Mug,1,2025-01-25,52.59,12065,Spain,False,52.59
500234,A104,Gift Set,2,2025-10-07,42.1,12201,Spain,False,84.2
500019,A100,Notebook,7,2025-09-25,22.26,12126,United Kingdom,False,155.82
500024,A105,Toy,6,2025-11-05,12.55,12133,Spain,False,75.3
500082,A104,Toy,1,2025-06-24,11.12,12161,Spain,False,11.12
500145,A104,Notebook,6,2025-11-23,10.06,12069,France,False,60.36
500201,A102,Mug,7,2025-03-03,51.75,12178,United Kingdom,False,362.25
500147,A104,Toy,1,2025-06-08,29.41,12007,Germany,False,29.41
500132,A102,Toy,3,2025-02-14,18.9,12028,Spain,False,56.7
500281,A100,Toy,4,2025-10-07,55.97,12203,United Kingdom,False,223.88
500048,A105,Decoration,1,2025-09-18,55.57,12164,United Kingdom,False,55.57
500171,A101,Toy,2,2025-10-22,44.06,12044,France,False,88.12
500162,A100,Decoration,2,2025-10-06,74.93,12109,Germany,False,149.86
500142,A103,Notebook,2,2025-04-23,32.06,12012,Germany,False,64.12
500242,A101,Notebook,3,2025-01-25,67.2,12167,Germany,False,201.6
500080,A105,Mug,4,2025-12-06,7.86,12188,France,False,31.44
500286,A102,Mug,2,2025-06-29,59.71,12069,United Kingdom,False,119.42
500099,A100,Toy,3,2025-02-04,79.1,12087,United Kingdom,False,237.3
500163,A105,Toy,2,2025-12-05,68.03,12059,United Kingdom,False,136.06
500156,A103,Toy,6,2025-12-29,47.21,12097,Spain,False,283.26
500254,A101,Mug,2,2025-06-12,50.89,12068,Spain,False,101.78
500131,A104,Notebook,7,2025-10-09,29.56,12061,Germany,False,206.92
500085,A103,Mug,4,2025-01-14,55.0,12107,United Kingdom,False,220.0
500006,A100,Decoration,6,2025-02-04,62.09,12214,Germany,False,372.54
500109,A104,Mug,5,2025-04-11,79.86,12190,Netherlands,False,399.3
500247,A102,Gift Set,2,2025-08-28,40.41,12074,France,False,80.82
500002,A104,Lamp,5,2025-02-18,6.78,12235,Germany,False,33.9
500268,A105,Decoration,2,2025-01-13,48.48,12052,Germany,False,96.96
500162,A103,Decoration,1,2025-09-02,11.28,12227,France,False,11.28
500042,A104,Gift Set,2,2025-10-09,21.09,12077,Germany,False,42.18
500090,A101,Mug,2,2025-09-27,27.64,12135,Germany,False,55.28
500166,A101,Gift Set,1,2025-10-19,59.02,12050,Germany,False,59.02
500094,A102,Mug,1,2025-10-21,16.34,12190,Spain,False,16.34
500032,A105,Lamp,7,2025-08-08,14.93,12079,Germany,False,104.51
500199,A103,Mug,4,2025-07-09,5.51,12218,United Kingdom,False,22.04
500201,A102,Gift Set,3,2025-11-09,70.11,12020,United Kingdom,False,210.33
500035,A104,Lamp,7,2025-05-08,56.09,12125,Germany,False,392.63
500084,A105,Gift Set,2,2025-02-05,5.12,12039,Netherlands,False,10.24
500073,A105,Mug,3,2025-10-02,4.21,12222,United Kingdom,False,12.63
500197,A101,Gift Set,6,2025-04-11,45.58,12104,United Kingdom,False,273.48
500219,A104,Gift Set,5,2025-12-24,24.04,12168,Spain,False,120.2
500218,A103,Notebook,3,2025-06-01,48.54,12219,Germany,False,145.62
500281,A102,Decoration,2,2025-11-07,35.9,12133,France,False,71.8
500230,A102,Toy,1,2025-01-16,74.02,12014,France,False,74.02
500096,A100,Gift Set,1,2025-08-29,24.45,12055,Spain,False,24.45
500032,A101,Gift Set,2,2025-06-13,54.97,12053,Germany,False,109.94
500184,A103,Notebook,6,2025-06-18,6.22,12228,Spain,False,37.32
500274,A105,Lamp,5,2025-04-07,76.56,12227,France,False,382.8
500292,A105,Toy,4,2025-12-21,78.5,12119,Germany,False,314.0
500069,A101,Toy,6,2025-05-24,59.65,12222,Netherlands,False,357.9
500070,A104,Notebook,2,2025-11-07,38.29,12061,France,False,76.58
500011,A100,Mug,2,2025-06-05,19.16,12169,France,False,38.32
500042,A104,Gift Set,3,2025-01-18,65.38,12097,United Kingdom,False,196.14
500166,A102,Gift Set,7,2025-11-17,59.44,12060,Spain,False,416.08
500164,A102,Gift Set,5,2025-03-09,19.31,12062,United Kingdom,False,96.55
500111,A104,Decoration,6,2025-04-09,37.19,12104,France,False,223.14
500092,A102,Mug,2,2025-11-11,38.1,12084,Spain,False,76.2
500248,A104,Toy,6,2025-11-23,66.46,12052,United Kingdom,False,398.76
500138,A103,Lamp,1,2025-12-01,55.34,12083,Netherlands,False,55.34
500242,A105,Lamp,2,2025-06-05,52.17,12032,Germany,False,104.34
500288,A103,Notebook,4,2025-10-04,52.69,12242,France,False,210.76
500095,A101,Toy,1,2025-04-30,23.1,12094,Germany,False,23.1
500060,A104,Gift Set,7,2025-09-28,30.99,12026,Spain,False,216.93
500285,A102,Gift Set,7,2025-07-03,5.56,12143,Germany,False,38.92
500190,A103,Notebook,4,2025-01-19,63.38,12220,Netherlands,False,253.52
500087,A100,Notebook,3,2025-06-02,35.77,12089,Netherlands,False,107.31
500186,A100,Lamp,1,2025-06-20,36.18,12211,France,False,36.18
500154,A103,Toy,5,2025-04-04,21.14,12152,Spain,False,105.7
500271,A101,Lamp,4,2025-05-17,18.34,12184,France,False,73.36
500076,A105,Mug,6,2025-07-03,47.85,12074,Netherlands,False,287.1
500297,A105,Mug,5,2025-01-19,20.14,12009,France,False,100.7
500280,A104,Toy,1,2025-02-25,7.01,12086,France,False,7.01
500054,A104,Mug,1,2025-10-07,61.87,12231,Spain,False,61.87
500049,A103,Lamp,6,2025-05-09,31.36,12197,Spain,False,188.16
500159,A100,Lamp,2,2025-08-11,31.66,12196,United Kingdom,False,63.32
500013,A102,Toy,7,2025-07-26,35.64,12219,Germany,False,249.48
500089,A102,Toy,1,2025-07-21,65.57,12093,France,False,65.57
500130,A105,Notebook,6,2025-05-31,27.03,12080,Spain,False,162.18
500290,A101,Mug,7,2025-06-26,61.13,12231,Germany,False,427.91
500297,A102,Notebook,4,2025-10-28,75.28,12142,Netherlands,False,301.12
500045,A102,Notebook,1,2025-12-19,53.55,12074,Netherlands,False,53.55
500267,A100,Mug,7,2025-04-04,35.67,12069,Spain,False,249.69
500027,A100,Lamp,2,2025-09-02,60.33,12219,Spain,False,120.66
500224,A102,Mug,4,2025-12-20,37.72,12013,Netherlands,False,150.88
500253,A100,Lamp,7,2025-01-03,34.33,12015,United Kingdom,False,240.31
500267,A100,Toy,6,2025-10-14,42.97,12184,Spain,False,257.82
500067,A102,Decoration,1,2025-07-01,26.78,12000,Spain,False,26.78
500268,A101,Gift Set,6,2025-12-20,10.13,12042,United Kingdom,False,60.78
500034,A103,Toy,2,2025-07-31,34.36,12247,Netherlands,False,68.72
500155,A100,Gift Set,6,2025-11-02,11.66,12106,Spain,False,69.96
500140,A101,Notebook,5,2025-03-02,34.01,12181,France,False,170.05
500094,A102,Mug,3,2025-02-21,45.44,12121,Germany,False,136.32
500006,A105,Gift Set,3,2025-12-05,74.6,12022,Germany,False,223.8
500231,A103,Mug,1,2025-07-12,4.83,12046,Netherlands,False,4.83
500100,A105,Gift Set,7,2025-07-23,50.47,12190,Netherlands,False,353.29
500198,A102,Toy,2,2025-03-04,37.7,12023,Netherlands,False,75.4
500123,A102,Gift Set,3,2025-03-24,3.58,12148,Spain,False,10.74
500112,A102,Notebook,4,2025-10-26,21.46,12087,United Kingdom,False,85.84
500265,A105,Toy,5,2025-04-21,11.24,12092,Netherlands,False,56.2
500028,A105,Decoration,4,2025-08-02,18.91,12238,United Kingdom,False,75.64
500220,A105,Decoration,4,2025-04-26,23.42,12151,United Kingdom,False,93.68
500224,A104,Gift Set,5,2025-04-07,33.3,12153,United Kingdom,False,166.5
500113,A103,Decoration,7,2025-03-02,43.27,12087,Netherlands,False,302.89
500078,A103,Lamp,3,2025-12-06,2.08,12095,Germany,False,6.24
500001,A105,Mug,6,2025-12-10,14.63,12171,France,False,87.78
500281,A101,Notebook,6,2025-02-12,9.3,12009,United Kingdom,False,55.8
500284,A102,Decoration,7,2025-05-09,44.87,12059,Germany,False,314.09
500072,A105,Notebook,7,2025-07-25,27.67,12150,Spain,False,193.69
500009,A102,Mug,6,2025-05-20,44.78,12155,Netherlands,False,268.68
500036,A101,Decoration,2,2025-09-21,19.3,12023,Germany,False,38.6
500020,A103,Decoration,6,2025-04-05,3.89,12196,Spain,False,23.34
500249,A101,Decoration,6,2025-01-22,75.43,12135,Netherlands,False,452.58
500267,A105,Decoration,3,2025-05-03,10.45,12059,Netherlands,False,31.35
500045,A105,Decoration,5,2025-08-07,11.89,12187,France,False,59.45
500224,A101,Notebook,2,2025-03-07,13.43,12247,Netherlands,False,26.86
500053,A103,Mug,4,2025-10-25,78.54,12105,Germany,False,314.16
500110,A105,Lamp,6,2025-01-05,50.18,12070,Netherlands,False,301.08
500179,A104,Mug,2,2025-01-25,49.6,12074,United Kingdom,False,99.2
500215,A101,Notebook,3,2025-07-05,78.96,12148,United Kingdom,False,236.88
500262,A103,Lamp,6,2025-07-06,8.9,12011,Netherlands,False,53.4
500013,A103,Decoration,4,2025-04-18,78.01,12120,Spain,False,312.04
500058,A103,Mug,7,2025-04-05,17.91,12006,United Kingdom,False,125.37
500084,A100,Mug,1,2025-01-26,50.6,12009,Netherlands,False,50.6
500093,A101,Toy,6,2025-08-30,34.77,12107,United Kingdom,False,208.62
500299,A105,Gift Set,6,2025-05-19,31.95,12186,Spain,False,191.7
500233,A101,Lamp,7,2025-02-13,74.64,12220,France,False,522.48
500096,A101,Toy,2,2025-05-26,13.64,12021,United Kingdom,False,27.28
500291,A101,Lamp,7,2025-12-09,79.77,12061,Netherlands,False,558.39
500149,A101,Notebook,3,2025-04-06,31.57,12105,Netherlands,False,94.71
500150,A100,Toy,3,2025-11-23,52.6,12143,United Kingdom,False,157.8
500130,A102,Notebook,3,2025-04-05,77.5,12246,United Kingdom,False,232.5
500043,A105,Toy,5,2025-03-09,6.49,12171,Spain,False,32.45
500280,A100,Notebook,5,2025-04-06,73.98,12134,United Kingdom,False,369.9
500004,A101,Gift Set,4,2025-04-28,46.29,12015,Spain,False,185.16
500052,A100,Lamp,1,2025-02-14,56.94,12020,Netherlands,False,56.94
500068,A103,Gift Set,7,2025-08-03,13.64,12038,Spain,False,95.48
500083,A101,Decoration,2,2025-05-02,43.6,12165,France,False,87.2
500039,A104,Lamp,1,2025-09-20,54.53,12082,United Kingdom,False,54.53
500005,A103,Notebook,5,2025-06-29,37.59,12060,Spain,False,187.95
500203,A104,Notebook,3,2025-06-11,14.09,12167,United Kingdom,False,42.27
500290,A103,Lamp,5,2025-06-21,21.04,12203,Germany,False,105.2
500036,A102,Mug,7,2025-02-27,68.64,12109,Germany,False,480.48
500088,A105,Mug,1,2025-09-18,4.69,12220,Spain,False,4.69
500151,A102,Notebook,2,2025-02-08,57.29,12183,France,False,114.58
500278,A105,Mug,4,2025-09-21,79.95,12179,Spain,False,319.8
500208,A105,Toy,6,2025-12-31,2.58,12216,Spain,False,15.48
500229,A103,Gift Set,5,2025-10-06,14.56,12045,France,False,72.8
500174,A104,Toy,3,2025-06-16,54.58,12189,France,False,163.74
500125,A101,Notebook,5,2025-04-25,6.68,12239,United Kingdom,False,33.4
500059,A104,Lamp,7,2025-11-15,48.0,12248,Germany,False,336.0
500259,A104,Gift Set,4,2025-04-04,55.35,12144,France,False,221.4
500241,A105,Notebook,7,2025-06-26,47.88,12188,United Kingdom,False,335.16
500007,A101,Toy,6,2025-10-09,30.48,12222,Germany,False,182.88
500214,A104,Mug,3,2025-12-03,56.39,12213,Germany,False,169.17
500025,A102,Gift Set,2,2025-12-03,48.35,12224,United Kingdom,False,96.7
500221,A101,Lamp,6,2025-02-02,18.2,12208,United Kingdom,False,109.2
500247,A101,Gift Set,2,2025-11-24,45.92,12095,United Kingdom,False,91.84
500039,A103,Mug,3,2025-02-11,70.79,12182,Spain,False,212.37
500130,A101,Notebook,2,2025-08-02,54.01,12102,France,False,108.02
500037,A100,Lamp,5,2025-12-06,38.8,12200,United Kingdom,False,194.0
500170,A102,Lamp,3,2025-08-28,27.08,12202,United Kingdom,False,81.24
500278,A103,Toy,5,2025-12-12,8.7,12233,Netherlands,False,43.5
500024,A101,Decoration,7,2025-05-06,21.08,12147,France,False,147.56
500119,A105,Gift Set,6,2025-04-25,2.87,12118,Spain,False,17.22
500291,A104,Notebook,7,2025-04-30,78.96,12041,Germany,False,552.72
500090,A103,Gift Set,1,2025-05-10,19.35,12159,United Kingdom,False,19.35
500039,A105,Gift Set,4,2025-09-07,65.56,12141,France,False,262.24
500146,A102,Mug,2,2025-06-15,15.15,12128,United Kingdom,False,30.3
500152,A100,Lamp,7,2025-09-27,24.12,12169,Spain,False,168.84
500198,A100,Decoration,5,2025-06-01,34.63,12212,France,False,173.15
500094,A105,Toy,3,2025-04-23,27.3,12037,Germany,False,81.9
500286,A105,Lamp,4,2025-03-11,64.27,12107,United Kingdom,False,257.08
500156,A104,Toy,5,2025-07-21,76.7,12180,Netherlands,False,383.5
500085,A100,Mug,4,2025-11-24,70.27,12204,France,False,281.08
500288,A101,Decoration,4,2025-11-10,13.98,12194,Germany,False,55.92
500277,A100,Decoration,1,2025-04-03,62.58,12199,Netherlands,False,62.58
500149,A100,Gift Set,4,2025-06-24,13.54,12213,Spain,False,54.16
500007,A101,Notebook,3,2025-09-15,73.24,12240,Spain,False,219.72
500179,A103,Toy,6,2025-08-12,42.39,12152,Netherlands,False,254.34
500166,A100,Notebook,7,2025-01-25,28.24,12062,United Kingdom,False,197.68
500044,A105,Decoration,6,2025-08-04,14.25,12140,Netherlands,False,85.5
500190,A102,Decoration,1,2025-01-15,2.92,12177,Germany,False,2.92
500252,A101,Notebook,6,2025-02-12,21.34,12025,Germany,False,128.04
500031,A103,Gift Set,3,2025-08-27,73.29,12189,France,False,219.87
500216,A104,Notebook,3,2025-02-07,64.19,12136,Spain,False,192.57
500042,A101,Mug,7,2025-05-04,77.64,12234,Netherlands,False,543.48
500224,A100,Notebook,7,2025-08-03,9.86,12052,Spain,False,69.02
500125,A100,Lamp,1,2025-08-28,48.19,12226,United Kingdom,False,48.19
500001,A105,Notebook,3,2025-06-12,22.06,12112,Germany,False,66.18
500289,A100,Mug,6,2025-02-04,44.35,12143,Spain,False,266.1
500049,A103,Mug,4,2025-10-19,27.0,12165,France,False,108.0
500178,A102,Toy,2,2025-12-13,24.11,12144,Spain,False,48.22
500054,A104,Gift Set,4,2025-11-21,46.76,12225,Spain,False,187.04
500279,A100,Mug,7,2025-10-01,16.3,12041,United Kingdom,False,114.1
500221,A105,Decoration,2,2025-05-27,38.59,12182,Germany,False,77.18
500241,A104,Gift Set,6,2025-11-16,52.76,12243,United Kingdom,False,316.56
500129,A102,Notebook,6,2025-06-28,12.0,12055,Germany,False,72.0
500140,A101,Mug,7,2025-02-19,74.59,12063,France,False,522.13
500190,A105,Gift Set,3,2025-11-07,41.45,12118,Netherlands,False,124.35
500235,A101,Notebook,2,2025-04-27,65.92,12181,Netherlands,False,131.84
500254,A102,Lamp,4,2025-12-09,53.0,12239,Germany,False,212.0
500005,A102,Mug,4,2025-05-15,57.38,12198,Germany,False,229.52
500199,A101,Gift Set,3,2025-11-14,57.86,12198,Spain,False,173.58
500032,A102,Gift Set,6,2025-07-16,70.26,12110,Spain,False,421.56
500086,A100,Lamp,6,2025-06-20,49.86,12161,Spain,False,299.16
500248,A100,Decoration,2,2025-04-19,23.7,12052,Spain,False,47.4
500075,A101,Mug,6,2025-11-02,9.76,12115,Netherlands,False,58.56
500239,A100,Mug,2,2025-01-23,49.29,12047,Netherlands,False,98.58
500138,A102,Notebook,3,2025-06-21,7.18,12006,United Kingdom,False,21.54
500069,A105,Notebook,1,2025-05-15,20.82,12214,Germany,False,20.82
500100,A100,Mug,3,2025-07-18,6.74,12201,Germany,False,20.22
500159,A100,Gift Set,7,2025-04-03,44.81,12127,Germany,False,313.67
500229,A100,Lamp,4,2025-08-31,14.51,12003,Germany,False,58.04
500181,A103,Notebook,5,2025-05-21,49.61,12022,Spain,False,248.05
500279,A101,Notebook,1,2025-03-10,63.69,12027,Germany,False,63.69
500260,A102,Mug,5,2025-03-13,66.11,12179,France,False,330.55
500226,A100,Decoration,3,2025-09-12,26.14,12050,Germany,False,78.42
500180,A101,Lamp,6,2025-04-06,44.82,12062,Netherlands,False,268.92
500086,A102,Notebook,7,2025-04-23,45.91,12215,France,False,321.37
500123,A102,Mug,4,2025-08-17,38.89,12219,United Kingdom,False,155.56
500035,A103,Toy,1,2025-05-01,53.1,12190,Netherlands,False,53.1
500112,A104,Decoration,4,2025-05-22,18.39,12077,United Kingdom,False,73.56
500277,A102,Gift Set,1,2025-03-31,78.38,12144,Spain,False,78.38
500127,A105,Decoration,4,2025-05-07,9.65,12050,Netherlands,False,38.6
500034,A103,Toy,1,2025-09-10,66.68,12214,France,False,66.68
500195,A101,Gift Set,5,2025-07-14,48.34,12021,France,False,241.7
500288,A101,Toy,3,2025-12-31,21.1,12186,France,False,63.3
500260,A101,Gift Set,2,2025-10-09,60.16,12127,United Kingdom,False,120.32
500082,A103,Gift Set,1,2025-01-07,8.59,12189,United Kingdom,False,8.59
500136,A101,Gift Set,7,2025-05-19,62.4,12112,United Kingdom,False,436.8
500159,A105,Notebook,6,2025-04-16,48.02,12039,Germany,False,288.12
500074,A102,Lamp,6,2025-08-03,10.64,12187,Germany,False,63.84
500080,A105,Notebook,1,2025-04-07,8.2,12157,United Kingdom,False,8.2
500070,A104,Gift Set,3,2025-12-19,60.57,12116,Netherlands,False,181.71
500298,A102,Mug,7,2025-04-20,24.85,12093,Spain,False,173.95
500223,A101,Decoration,5,2025-07-10,71.37,12085,United Kingdom,False,356.85
500252,A104,Decoration,1,2025-02-14,61.44,12120,Netherlands,False,61.44
500244,A101,Toy,1,2025-11-29,56.46,12065,United Kingdom,False,56.46
500287,A101,Gift Set,2,2025-11-29,23.73,12070,Germany,False,47.46
500031,A105,Toy,7,2025-10-17,57.3,12069,Germany,False,401.1
500264,A102,Toy,2,2025-05-09,75.96,12003,Germany,False,151.92
500019,A100,Lamp,7,2025-01-22,9.14,12231,Netherlands,False,63.98
500142,A102,Gift Set,5,2025-09-17,27.44,12059,Netherlands,False,137.2
500178,A102,Decoration,7,2025-06-06,20.3,12041,France,False,142.1
500107,A105,Notebook,6,2025-12-28,32.67,12037,Germany,False,196.02
500043,A104,Gift Set,3,2025-09-12,59.9,12247,Netherlands,False,179.7
500057,A101,Mug,6,2025-07-16,38.99,12119,Spain,False,233.94
500247,A100,Notebook,2,2025-12-27,46.52,12081,Netherlands,False,93.04
500095,A103,Gift Set,3,2025-10-20,26.5,12100,Germany,False,79.5
500093,A100,Mug,2,2025-06-17,13.02,12022,France,False,26.04
500277,A101,Notebook,1,2025-01-07,22.82,12078,Germany,False,22.82
500043,A100,Decoration,1,2025-02-03,69.06,12062,Netherlands,False,69.06
500274,A100,Gift Set,2,2025-06-11,48.99,12200,Netherlands,False,97.98
500276,A105,Lamp,1,2025-07-25,31.48,12014,Spain,False,31.48
500179,A100,Decoration,3,2025-01-12,63.61,12106,Spain,False,190.83
500049,A100,Toy,1,2025-02-16,7.03,12197,Germany,False,7.03
500046,A105,Decoration,1,2025-09-15,21.8,12208,France,False,21.8
500085,A101,Mug,7,2025-10-02,19.95,12128,Germany,False,139.65
500173,A104,Toy,1,2025-01-11,78.86,12055,Germany,False,78.86
500046,A100,Decoration,1,2025-07-05,57.08,12084,Netherlands,False,57.08
500136,A100,Mug,1,2025-01-30,50.19,12055,Germany,False,50.19
500034,A100,Notebook,1,2025-09-22,2.39,12165,Spain,False,2.39
500162,A104,Lamp,4,2025-11-01,16.38,12073,United Kingdom,False,65.52
500006,A103,Notebook,6,2025-11-14,51.57,12157,Spain,False,309.42
500212,A102,Mug,6,2025-08-07,31.62,12163,Germany,False,189.72
500016,A101,Decoration,5,2025-08-18,74.09,12234,Netherlands,False,370.45
500058,A100,Decoration,1,2025-12-05,61.65,12092,Germany,False,61.65
500052,A103,Notebook,6,2025-08-12,36.9,12240,Germany,False,221.4
500249,A101,Toy,1,2025-06-12,60.46,12100,United Kingdom,False,60.46
500016,A103,Notebook,5,2025-10-03,78.08,12170,Netherlands,False,390.4
500128,A104,Toy,3,2025-08-04,37.96,12165,Spain,False,113.88
500177,A105,Lamp,7,2025-11-04,52.12,12204,Netherlands,False,364.84
500154,A102,Notebook,3,2025-07-11,73.66,12117,United Kingdom,False,220.98
500204,A100,Gift Set,5,2025-11-14,21.4,12198,France,False,107.0
500240,A101,Lamp,4,2025-01-17,71.15,12088,Netherlands,False,284.6
500118,A105,Mug,4,2025-01-14,9.61,12122,United Kingdom,False,38.44
500248,A103,Mug,7,2025-02-06,52.58,12124,Germany,False,368.06
500095,A103,Mug,5,2025-07-23,63.06,12176,Germany,False,315.3
500295,A102,Decoration,3,2025-09-16,49.94,12154,Netherlands,False,149.82
500151,A100,Gift Set,4,2025-03-20,40.65,12019,Netherlands,False,162.6
500220,A105,Toy,5,2025-02-26,50.15,12202,Netherlands,False,250.75
500262,A104,Decoration,3,2025-11-11,13.83,12189,France,False,41.49
500237,A105,Gift Set,2,2025-10-01,18.81,12026,Germany,False,37.62
500255,A105,Lamp,4,2025-08-25,23.05,12240,Spain,False,92.2
500160,A101,Lamp,1,2025-06-28,48.63,12165,Netherlands,False,48.63
500013,A101,Notebook,2,2025-06-03,36.47,12021,United Kingdom,False,72.94
500147,A101,Toy,3,2025-01-08,21.07,12122,Netherlands,False,63.21
500054,A105,Notebook,6,2025-03-10,70.86,12209,France,False,425.16
500266,A103,Notebook,6,2025-11-24,31.17,12069,United Kingdom,False,187.02
500071,A102,Notebook,2,2025-05-04,36.79,12233,Spain,False,73.58
500068,A105,Toy,3,2025-09-15,33.96,12104,Spain,False,101.88
500074,A103,Lamp,2,2025-09-14,16.19,12056,United Kingdom,False,32.38
500192,A105,Notebook,6,2025-04-23,59.07,12089,United Kingdom,False,354.42
500171,A105,Decoration,2,2025-03-16,36.98,12131,Netherlands,False,73.96
500284,A100,Toy,6,2025-09-10,3.27,12172,Netherlands,False,19.62
500124,A102,Decoration,6,2025-02-04,77.19,12231,United Kingdom,False,463.14
500084,A104,Toy,5,2025-06-30,65.63,12048,Netherlands,False,328.15
500014,A104,Notebook,3,2025-11-21,58.44,12240,Netherlands,False,175.32
500002,A100,Toy,7,2025-09-17,69.79,12131,Netherlands,False,488.53
500112,A101,Mug,5,2025-10-06,72.73,12031,France,False,363.65
500277,A103,Mug,5,2025-01-31,28.32,12231,Germany,False,141.6
500157,A104,Notebook,6,2025-03-14,49.65,12087,Netherlands,False,297.9
500268,A100,Decoration,7,2025-04-11,49.49,12155,Netherlands,False,346.43
500030,A103,Lamp,1,2025-04-17,22.85,12174,Spain,False,22.85
500027,A101,Notebook,7,2025-03-12,19.31,12003,United Kingdom,False,135.17
500250,A101,Notebook,6,2025-12-21,10.88,12055,United Kingdom,False,65.28
500032,A103,Mug,2,2025-03-02,53.43,12171,France,False,106.86
500015,A102,Lamp,3,2025-09-16,62.91,12081,United Kingdom,False,188.73
500121,A103,Notebook,6,2025-08-03,61.35,12002,United Kingdom,False,368.1
500277,A101,Lamp,2,2025-08-11,26.67,12005,United Kingdom,False,53.34
500206,A104,Notebook,4,2025-03-20,18.01,12206,Spain,False,72.04
500029,A100,Mug,5,2025-04-23,37.38,12038,Germany,False,186.9
500251,A105,Decoration,5,2025-08-10,44.65,12025,Germany,False,223.25
500253,A100,Notebook,7,2025-04-20,73.69,12140,Netherlands,False,515.83
500240,A104,Gift Set,1,2025-09-11,70.24,12029,Germany,False,70.24
500270,A102,Notebook,3,2025-01-15,73.45,12163,Germany,False,220.35
500071,A102,Lamp,7,2025-01-27,68.32,12136,France,False,478.24
500293,A100,Gift Set,4,2025-09-23,77.24,12162,Germany,False,308.96
500096,A104,Mug,2,2025-08-14,38.31,12122,United Kingdom,False,76.62
500240,A100,Gift Set,3,2025-01-16,5.7,12194,Germany,False,17.1
500173,A103,Lamp,3,2025-11-25,8.52,12161,Netherlands,False,25.56
500233,A104,Toy,4,2025-01-02,32.44,12103,Germany,False,129.76
500188,A105,Decoration,2,2025-12-15,22.1,12003,France,False,44.2
500192,A104,Notebook,5,2025-09-24,15.26,12068,Spain,False,76.3
500184,A101,Decoration,4,2025-12-27,76.35,12032,Netherlands,False,305.4
500233,A104,Mug,5,2025-12-13,17.24,12003,Germany,False,86.2
500221,A104,Toy,2,2025-04-25,76.83,12068,France,False,153.66
500040,A101,Lamp,5,2025-10-04,61.35,12051,Spain,False,306.75
500247,A100,Toy,7,2025-03-18,51.99,12019,United Kingdom,False,363.93
500160,A105,Toy,1,2025-06-22,54.73,12078,Netherlands,False,54.73
500096,A100,Lamp,3,2025-03-29,27.85,12126,France,False,83.55
500154,A103,Mug,5,2025-06-27,52.42,12044,France,False,262.1
500290,A101,Lamp,5,2025-11-15,16.56,12068,Spain,False,82.8
500257,A100,Toy,5,2025-06-09,75.14,12005,United Kingdom,False,375.7
500250,A104,Decoration,4,2025-02-03,25.54,12012,France,False,102.16
500138,A100,Decoration,5,2025-04-29,21.9,12039,United Kingdom,False,109.5
500235,A104,Mug,5,2025-10-15,57.47,12113,France,False,287.35
500115,A104,Lamp,1,2025-07-10,53.2,12166,Germany,False,53.2
500205,A100,Gift Set,6,2025-07-24,37.2,12197,United Kingdom,False,223.2
500191,A101,Toy,4,2025-06-07,51.33,12157,France,False,205.32
500074,A104,Decoration,1,2025-04-17,14.44,12154,Spain,False,14.44
500079,A103,Gift Set,3,2025-08-07,54.52,12233,Netherlands,False,163.56
500018,A100,Lamp,4,2025-08-20,23.11,12063,United Kingdom,False,92.44
500041,A105,Decoration,1,2025-11-24,23.28,12199,Spain,False,23.28
500130,A101,Decoration,7,2025-08-14,14.65,12234,United Kingdom,False,102.55
500143,A100,Notebook,2,2025-12-30,27.93,12141,Germany,False,55.86
500049,A105,Gift Set,3,2025-10-29,27.84,12210,Netherlands,False,83.52
500125,A100,Decoration,4,2025-01-29,37.43,12034,Spain,False,149.72
500181,A103,Decoration,6,2025-05-24,16.85,12219,France,False,101.1
500069,A105,Lamp,6,2025-05-21,17.05,12141,France,False,102.3
500101,A103,Decoration,6,2025-01-02,44.26,12055,Spain,False,265.56
500110,A103,Gift Set,2,2025-03-07,12.05,12015,Netherlands,False,24.1
500151,A102,Lamp,6,2025-10-06,55.73,12179,France,False,334.38
500109,A100,Gift Set,6,2025-05-09,75.63,12107,United Kingdom,False,453.78
500221,A103,Decoration,4,2025-02-23,35.29,12077,Germany,False,141.16
500098,A105,Toy,4,2025-04-15,72.29,12097,Spain,False,289.16
500130,A100,Decoration,1,2025-04-11,9.67,12247,Germany,False,9.67
500113,A105,Lamp,6,2025-03-05,5.35,12106,Netherlands,False,32.1
500054,A102,Gift Set,7,2025-02-06,58.27,12019,Netherlands,False,407.89
500205,A103,Gift Set,4,2025-10-06,61.36,12069,Spain,False,245.44
500070,A100,Notebook,4,2025-10-28,67.76,12036,United Kingdom,False,271.04
500089,A103,Toy,4,2025-07-01,6.43,12171,Netherlands,False,25.72
500237,A101,Gift Set,1,2025-08-13,62.6,12200,Spain,False,62.6
500284,A101,Decoration,5,2025-12-02,31.37,12210,France,False,156.85
500201,A104,Mug,6,2025-11-04,25.66,12158,Germany,False,153.96
500274,A100,Notebook,7,2025-01-12,15.5,12192,Netherlands,False,108.5
500256,A102,Mug,7,2025-12-14,79.69,12104,Netherlands,False,557.83
500144,A103,Notebook,4,2025-01-25,6.97,12156,Germany,False,27.88
500231,A100,Notebook,7,2025-01-10,66.51,12026,United Kingdom,False,465.57
500098,A101,Gift Set,4,2025-05-28,51.88,12134,Spain,False,207.52
500138,A102,Lamp,5,2025-09-30,59.34,12139,Spain,False,296.7
500160,A103,Toy,5,2025-01-30,57.51,12007,United Kingdom,False,287.55
500288,A105,Decoration,7,2025-04-17,68.96,12137,Netherlands,False,482.72
500254,A105,Mug,6,2025-04-06,16.34,12180,France,False,98.04
500146,A101,Decoration,1,2025-05-26,2.06,12091,Netherlands,False,2.06
500195,A100,Decoration,1,2025-12-26,48.69,12136,Germany,False,48.69
500060,A100,Decoration,3,2025-05-01,29.6,12071,France,False,88.8
500241,A103,Notebook,4,2025-03-18,11.66,12067,United Kingdom,False,46.64
500165,A100,Decoration,5,2025-02-14,16.52,12032,United Kingdom,False,82.6
500159,A101,Lamp,4,2025-03-14,27.88,12081,Spain,False,111.52
500229,A105,Gift Set,4,2025-02-18,7.48,12200,France,False,29.92
500189,A105,Mug,7,2025-07-29,6.44,12233,Netherlands,False,45.08
500021,A105,Toy,3,2025-06-03,73.45,12158,France,False,220.35
500086,A101,Gift Set,4,2025-07-01,26.34,12156,Netherlands,False,105.36
500053,A103,Notebook,4,2025-10-31,78.61,12153,Netherlands,False,314.44
500220,A103,Toy,4,2025-07-31,77.22,12118,United Kingdom,False,308.88
500010,A101,Gift Set,7,2025-02-26,13.12,12105,Spain,False,91.84
500060,A103,Notebook,7,2025-05-18,57.76,12155,Netherlands,False,404.32
500179,A103,Mug,4,2025-04-25,48.86,12196,France,False,195.44
500208,A102,Lamp,4,2025-10-29,55.87,12103,United Kingdom,False,223.48
500150,A104,Mug,5,2025-04-23,9.5,12141,Netherlands,False,47.5
500258,A104,Decoration,2,2025-02-20,16.71,12117,Germany,False,33.42
500275,A103,Gift Set,3,2025-09-26,7.98,12071,United Kingdom,False,23.94
500039,A104,Decoration,2,2025-06-06,49.12,12072,Netherlands,False,98.24
500285,A104,Toy,2,2025-02-04,78.95,12019,Spain,False,157.9
500184,A103,Decoration,1,2025-09-09,54.41,12109,United Kingdom,False,54.41
500190,A101,Decoration,5,2025-03-18,57.44,12178,France,False,287.2
500028,A104,Mug,1,2025-11-13,78.8,12171,United Kingdom,False,78.8
500186,A104,Decoration,5,2025-10-31,54.88,12246,Netherlands,False,274.4
500217,A105,Lamp,4,2025-05-15,5.13,12009,United Kingdom,False,20.52
500174,A100,Decoration,3,2025-07-22,69.63,12190,Spain,False,208.89
500025,A102,Decoration,6,2025-07-27,30.44,12198,Germany,False,182.64
500156,A105,Lamp,4,2025-08-27,2.34,12109,Germany,False,9.36
500280,A103,Notebook,6,2025-01-26,41.56,12070,Netherlands,False,249.36
500217,A105,Gift Set,5,2025-04-29,75.09,12089,Netherlands,False,375.45
500041,A100,Gift Set,1,2025-03-04,22.07,12170,United Kingdom,False,22.07
500287,A100,Notebook,2,2025-09-12,40.34,12215,United Kingdom,False,80.68
500287,A104,Toy,4,2025-01-26,15.55,12160,United Kingdom,False,62.2
500050,A102,Lamp,7,2025-07-08,6.5,12128,Spain,False,45.5
500240,A103,Notebook,2,2025-09-23,8.28,12163,Germany,False,16.56
500122,A102,Mug,1,2025-12-13,58.71,12017,United Kingdom,False,58.71
500178,A102,Lamp,7,2025-04-16,69.4,12152,France,False,485.8
500133,A105,Lamp,7,2025-01-03,13.18,12010,Germany,False,92.26
500234,A100,Decoration,2,2025-09-22,24.49,12239,Spain,False,48.98
500298,A104,Toy,3,2025-01-01,17.21,12222,France,False,51.63
500238,A105,Lamp,5,2025-01-25,4.09,12127,Netherlands,False,20.45
500279,A103,Decoration,2,2025-12-28,45.17,12093,Netherlands,False,90.34
500283,A102,Notebook,3,2025-11-11,56.59,12183,Spain,False,169.77
500027,A100,Decoration,3,2025-09-16,52.53,12159,Germany,False,157.59
500076,A104,Notebook,5,2025-11-01,32.27,12176,Netherlands,False,161.35
500216,A102,Gift Set,3,2025-01-28,45.29,12128,Spain,False,135.87
500177,A100,Notebook,3,2025-02-02,9.34,12059,Germany,False,28.02
500015,A102,Gift Set,3,2025-04-20,14.04,12018,Germany,False,42.12
500028,A105,Gift Set,6,2025-01-09,74.68,12070,Netherlands,False,448.08
500156,A101,Decoration,2,2025-11-21,61.4,12132,Germany,False,122.8
500184,A101,Toy,2,2025-01-21,73.97,12106,United Kingdom,False,147.94
500050,A104,Mug,2,2025-07-18,73.5,12126,Netherlands,False,147.0
500051,A101,Decoration,7,2025-11-08,52.65,12069,United Kingdom,False,368.55
500038,A105,Gift Set,7,2025-09-26,74.4,12234,Spain,False,520.8
500169,A105,Mug,4,2025-03-27,34.5,12091,Spain,False,138.0
500002,A105,Toy,2,2025-06-21,2.28,12211,Germany,False,4.56
500171,A105,Mug,6,2025-07-20,6.88,12097,United Kingdom,False,41.28
500142,A101,Toy,4,2025-10-08,10.54,12110,Germany,False,42.16
500139,A101,Decoration,6,2025-06-05,9.44,12150,Netherlands,False,56.64
500203,A102,Gift Set,3,2025-04-15,29.43,12065,France,False,88.29
500156,A102,Gift Set,7,2025-10-18,56.7,12054,Spain,False,396.9
500218,A105,Decoration,6,2025-11-20,63.67,12094,Netherlands,False,382.02
500229,A104,Lamp,2,2025-06-28,48.04,12201,Netherlands,False,96.08
500276,A103,Lamp,6,2025-01-11,13.42,12036,Germany,False,80.52
500239,A105,Notebook,3,2025-07-02,60.34,12109,France,False,181.02
500155,A103,Notebook,3,2025-11-21,29.67,12168,Spain,False,89.01
500147,A102,Toy,2,2025-12-28,3.01,12176,Germany,False,6.02
500070,A102,Lamp,5,2025-05-27,23.89,12108,Spain,False,119.45
500179,A103,Gift Set,2,2025-02-24,27.79,12020,Spain,False,55.58
500041,A100,Lamp,5,2025-07-28,23.39,12003,Spain,False,116.95
500279,A104,Toy,5,2025-10-31,65.33,12117,France,False,326.65
500253,A103,Gift Set,6,2025-12-11,61.27,12202,Spain,False,367.62
500035,A104,Notebook,7,2025-01-19,56.25,12007,Germany,False,393.75
500235,A103,Toy,1,2025-04-17,12.84,12221,Netherlands,False,12.84
500035,A104,Lamp,7,2025-06-24,65.01,12168,Spain,False,455.07
500216,A105,Gift Set,1,2025-02-05,54.82,12002,Netherlands,False,54.82
500026,A103,Gift Set,4,2025-11-20,17.2,12085,Netherlands,False,68.8
500146,A102,Lamp,3,2025-02-10,52.55,12055,Netherlands,False,157.65
500197,A100,Notebook,5,2025-08-31,39.71,12237,Spain,False,198.55
500218,A104,Decoration,6,2025-12-02,36.27,12138,Germany,False,217.62
500125,A105,Lamp,7,2025-09-08,10.75,12081,United Kingdom,False,75.25
500276,A104,Decoration,3,2025-10-06,42.43,12069,France,False,127.29
500232,A105,Mug,7,2025-04-07,9.79,12140,Germany,False,68.53
500062,A105,Notebook,3,2025-10-30,14.81,12001,Spain,False,44.43
500201,A104,Gift Set,2,2025-06-02,12.34,12064,Germany,False,24.68
500219,A103,Lamp,3,2025-01-23,76.42,12041,Germany,False,229.26
500100,A100,Mug,4,2025-05-14,24.22,12155,United Kingdom,False,96.88
500221,A100,Notebook,5,2025-05-08,29.71,12167,Spain,False,148.55
500269,A101,Notebook,6,2025-07-10,27.12,12116,Germany,False,162.72
500245,A102,Mug,2,2025-04-07,72.06,12035,United Kingdom,False,144.12
500228,A104,Gift Set,3,2025-06-18,45.91,12092,France,False,137.73
500190,A102,Lamp,7,2025-06-06,73.69,12210,Netherlands,False,515.83
500081,A100,Decoration,4,2025-04-30,25.39,12050,United Kingdom,False,101.56
500238,A101,Mug,2,2025-09-12,10.96,12040,Germany,False,21.92
500109,A105,Notebook,7,2025-04-22,45.39,12027,Germany,False,317.73
500159,A105,Mug,4,2025-10-07,28.95,12204,United Kingdom,False,115.8
500094,A102,Toy,7,2025-04-02,64.55,12029,United Kingdom,False,451.85
500093,A104,Notebook,7,2025-11-12,70.6,12145,Netherlands,False,494.2
500047,A104,Decoration,7,2025-05-14,38.86,12249,Germany,False,272.02
500288,A105,Mug,5,2025-01-15,77.77,12160,France,False,388.85
500044,A105,Gift Set,6,2025-02-24,45.14,12103,United Kingdom,False,270.84
500025,A103,Lamp,7,2025-10-22,23.13,12051,Germany,False,161.91
500280,A102,Lamp,2,2025-11-15,40.14,12000,Spain,False,80.28
500166,A103,Decoration,1,2025-03-19,4.91,12038,Spain,False,4.91
500131,A101,Decoration,3,2025-08-08,64.71,12238,United Kingdom,False,194.13
500221,A102,Decoration,5,2025-07-29,9.91,12035,Spain,False,49.55
500114,A103,Lamp,4,2025-02-18,26.08,12004,Netherlands,False,104.32
500038,A103,Notebook,1,2025-06-14,46.09,12204,France,False,46.09
500218,A103,Notebook,4,2025-09-11,5.35,12104,United Kingdom,False,21.4
500052,A102,Gift Set,2,2025-12-20,8.19,12089,Netherlands,False,16.38
500165,A102,Notebook,4,2025-11-06,56.3,12179,Germany,False,225.2
500284,A100,Notebook,5,2025-02-05,7.6,12130,Spain,False,38.0
500280,A103,Gift Set,5,2025-03-28,39.21,12228,France,False,196.05
500108,A103,Mug,3,2025-06-09,28.42,12116,France,False,85.26
500234,A105,Lamp,3,2025-02-24,19.79,12178,France,False,59.37
500183,A103,Notebook,5,2025-07-28,16.72,12219,France,False,83.6
500143,A102,Decoration,6,2025-01-04,61.55,12115,Germany,False,369.3
500041,A100,Notebook,6,2025-02-11,76.22,12071,United Kingdom,False,457.32
500112,A101,Decoration,3,2025-01-18,12.93,12243,Netherlands,False,38.79
500195,A102,Lamp,3,2025-04-18,76.86,12056,Germany,False,230.58
500295,A102,Gift Set,3,2025-10-06,48.39,12009,Netherlands,False,145.17
500001,A102,Mug,4,2025-03-06,52.05,12144,Germany,False,208.2
500215,A102,Toy,1,2025-12-27,57.37,12246,France,False,57.37
500253,A104,Lamp,4,2025-04-09,56.92,12021,Germany,False,227.68
500285,A100,Mug,2,2025-01-17,65.95,12212,United Kingdom,False,131.9
500127,A101,Lamp,4,2025-05-03,39.71,12207,Netherlands,False,158.84
500035,A100,Decoration,6,2025-10-01,43.6,12232,Spain,False,261.6
500081,A101,Notebook,7,2025-02-08,27.26,12105,United Kingdom,False,190.82
500255,A104,Gift Set,4,2025-01-27,10.21,12063,Germany,False,40.84
500263,A100,Mug,1,2025-11-07,53.84,12128,Germany,False,53.84
500191,A102,Decoration,2,2025-08-05,4.62,12035,France,False,9.24
500036,A100,Toy,1,2025-05-06,23.5,12210,United Kingdom,False,23.5
500036,A105,Decoration,6,2025-10-03,9.35,12165,Spain,False,56.1
500143,A104,Decoration,7,2025-11-05,16.88,12120,France,False,118.16
500176,A101,Gift Set,4,2025-05-12,51.82,12128,Germany,False,207.28
500009,A101,Mug,2,2025-07-24,51.02,12178,France,False,102.04
500205,A100,Gift Set,1,2025-01-04,34.84,12130,Spain,False,34.84
500163,A102,Gift Set,7,2025-04-22,9.03,12209,United Kingdom,False,63.21
500003,A104,Decoration,3,2025-08-06,35.8,12231,France,False,107.4
500028,A103,Decoration,1,2025-03-13,29.51,12237,Germany,False,29.51
500136,A105,Gift Set,2,2025-12-28,58.2,12155,Germany,False,116.4
500216,A102,Toy,2,2025-12-21,47.16,12185,Spain,False,94.32
500247,A101,Lamp,5,2025-04-05,40.34,12077,United Kingdom,False,201.7
500129,A102,Gift Set,7,2025-05-25,39.98,12009,Germany,False,279.86
500088,A101,Decoration,2,2025-03-11,77.37,12100,Spain,False,154.74
500290,A105,Decoration,5,2025-07-03,60.99,12217,France,False,304.95
500137,A101,Lamp,1,2025-02-15,40.76,12033,United Kingdom,False,40.76
500094,A102,Toy,1,2025-05-23,39.38,12136,Netherlands,False,39.38
500132,A103,Notebook,1,2025-07-22,4.07,12048,Spain,False,4.07
500003,A100,Toy,7,2025-08-12,75.52,12107,Spain,False,528.64
500090,A102,Notebook,5,2025-08-06,26.9,12035,Spain,False,134.5
500154,A102,Decoration,6,2025-03-22,21.96,12183,Spain,False,131.76
500275,A101,Gift Set,1,2025-10-17,79.95,12202,Spain,False,79.95
500221,A100,Mug,1,2025-09-10,58.06,12189,Germany,False,58.06
500234,A100,Decoration,6,2025-10-02,5.69,12176,United Kingdom,False,34.14
500163,A100,Mug,1,2025-06-20,6.83,12058,Germany,False,6.83
500033,A102,Mug,2,2025-11-22,3.99,12132,France,False,7.98
500117,A100,Toy,4,2025-05-23,48.77,12026,Spain,False,195.08
500299,A105,Mug,5,2025-10-22,7.58,12093,Germany,False,37.9
500013,A101,Lamp,2,2025-03-16,74.8,12126,Netherlands,False,149.6
500263,A103,Mug,4,2025-04-01,75.08,12167,Germany,False,300.32
500205,A104,Mug,5,2025-07-12,44.59,12024,Germany,False,222.95
500085,A102,Decoration,4,2025-07-22,50.1,12203,Netherlands,False,200.4
500233,A105,Mug,3,2025-09-30,24.77,12114,Germany,False,74.31
500251,A100,Gift Set,1,2025-04-19,6.99,12220,France,False,6.99
500012,A101,Toy,4,2025-11-15,59.52,12131,France,False,238.08
500031,A101,Decoration,6,2025-05-01,9.94,12136,Netherlands,False,59.64
500199,A100,Gift Set,5,2025-07-14,8.67,12173,Spain,False,43.35
500299,A101,Toy,7,2025-12-07,26.28,12204,United Kingdom,False,183.96
500007,A101,Lamp,1,2025-07-16,2.97,12039,Germany,False,2.97
500199,A104,Toy,1,2025-09-06,35.85,12127,France,False,35.85
500040,A101,Gift Set,4,2025-11-28,57.2,12007,Spain,False,228.8
500195,A105,Decoration,2,2025-12-22,64.51,12118,United Kingdom,False,129.02
500186,A104,Lamp,5,2025-07-02,49.14,12203,Spain,False,245.7
500027,A105,Decoration,7,2025-06-02,68.06,12216,Spain,False,476.42
500204,A100,Notebook,3,2025-03-13,33.71,12070,France,False,101.13
500269,A105,Decoration,4,2025-07-16,68.2,12096,United Kingdom,False,272.8
500259,A103,Lamp,5,2025-12-02,41.5,12137,Spain,False,207.5
500008,A105,Gift Set,2,2025-06-27,19.4,12098,France,False,38.8
500073,A102,Decoration,7,2025-05-08,75.64,12044,Netherlands,False,529.48
500072,A105,Toy,2,2025-02-09,23.45,12076,Spain,False,46.9
500135,A103,Mug,6,2025-05-23,4.04,12101,Netherlands,False,24.24
500042,A100,Lamp,5,2025-03-28,20.93,12129,Germany,False,104.65
500256,A102,Notebook,1,2025-12-23,30.6,12230,Netherlands,False,30.6
500233,A100,Lamp,6,2025-07-12,29.41,12136,United Kingdom,False,176.46
500242,A105,Decoration,2,2025-02-20,42.92,12096,France,False,85.84
500059,A101,Decoration,5,2025-01-25,70.88,12165,United Kingdom,False,354.4
500004,A101,Mug,7,2025-11-07,24.8,12193,Spain,False,173.6
500273,A103,Decoration,7,2025-12-06,42.62,12107,Germany,False,298.34
500086,A102,Notebook,7,2025-10-06,28.53,12122,France,False,199.71
500196,A100,Toy,4,2025-02-15,66.1,12054,France,False,264.4
500272,A104,Toy,4,2025-02-05,14.29,12216,Spain,False,57.16
500010,A105,Notebook,3,2025-03-14,10.07,12216,United Kingdom,False,30.21
500001,A104,Notebook,7,2025-10-02,41.23,12043,Germany,False,288.61
500001,A103,Notebook,4,2025-10-07,54.41,12086,Spain,False,217.64
500046,A102,Decoration,6,2025-11-02,64.05,12067,France,False,384.3
500015,A103,Notebook,3,2025-02-05,47.99,12230,France,False,143.97
500245,A103,Mug,6,2025-02-25,62.36,12016,France,False,374.16
500181,A100,Notebook,2,2025-11-25,32.63,12051,Germany,False,65.26
500294,A100,Mug,6,2025-12-05,4.56,12078,France,False,27.36
500240,A101,Notebook,1,2025-09-22,11.06,12140,France,False,11.06
500288,A102,Gift Set,1,2025-02-08,5.02,12062,Germany,False,5.02
500071,A100,Gift Set,3,2025-01-26,27.66,12134,United Kingdom,False,82.98
500086,A100,Toy,4,2025-01-21,40.65,12186,Germany,False,162.6
500254,A105,Gift Set,5,2025-09-10,29.79,12207,United Kingdom,False,148.95
500073,A102,Lamp,3,2025-11-05,45.73,12024,United Kingdom,False,137.19
500017,A103,Toy,1,2025-08-19,39.49,12034,France,False,39.49
500200,A103,Toy,3,2025-04-06,54.88,12023,France,False,164.64
500240,A104,Notebook,4,2025-10-04,54.02,12227,United Kingdom,False,216.08
500290,A104,Mug,4,2025-01-22,26.81,12163,Netherlands,False,107.24
500278,A101,Decoration,5,2025-10-30,29.0,12132,France,False,145.0
500036,A105,Decoration,2,2025-11-22,47.64,12197,Netherlands,False,95.28
500231,A102,Lamp,5,2025-09-20,48.52,12146,Netherlands,False,242.6
500253,A105,Gift Set,5,2025-11-17,26.55,12058,Netherlands,False,132.75
500209,A102,Gift Set,6,2025-08-02,27.76,12127,Netherlands,False,166.56
500245,A100,Mug,4,2025-06-20,56.14,12175,United Kingdom,False,224.56
500251,A104,Gift Set,6,2025-04-28,52.5,12009,France,False,315.0
500133,A100,Decoration,2,2025-12-03,12.53,12151,Spain,False,25.06
500012,A104,Mug,5,2025-09-12,36.4,12124,Germany,False,182.0
500136,A100,Mug,1,2025-03-11,71.63,12017,United Kingdom,False,71.63
500060,A101,Decoration,1,2025-12-16,4.83,12065,Germany,False,4.83
500034,A103,Toy,7,2025-01-22,68.7,12112,Netherlands,False,480.9
500037,A105,Mug,4,2025-08-03,14.73,12085,Netherlands,False,58.92
500209,A102,Notebook,5,2025-03-11,41.57,12072,France,False,207.85
500151,A100,Lamp,5,2025-08-31,35.1,12162,France,False,175.5
500161,A101,Lamp,5,2025-05-31,2.79,12101,France,False,13.95
500223,A105,Decoration,2,2025-06-09,73.4,12124,France,False,146.8
500164,A104,Decoration,2,2025-09-03,37.48,12199,France,False,74.96
500189,A100,Decoration,1,2025-10-03,76.43,12023,France,False,76.43
500025,A102,Gift Set,7,2025-05-19,24.37,12089,Germany,False,170.59
500255,A101,Mug,2,2025-12-31,69.57,12018,United Kingdom,False,139.14
500134,A101,Lamp,5,2025-07-01,73.95,12231,France,False,369.75
500046,A105,Gift Set,4,2025-02-28,45.43,12046,France,False,181.72
500243,A103,Notebook,2,2025-01-03,17.81,12204,United Kingdom,False,35.62
500220,A101,Gift Set,3,2025-03-15,55.45,12047,Netherlands,False,166.35
500015,A103,Decoration,1,2025-09-10,44.82,12081,Spain,False,44.82
500057,A102,Gift Set,2,2025-07-16,75.67,12152,Netherlands,False,151.34
500004,A100,Gift Set,1,2025-05-04,36.26,12207,Germany,False,36.26
500081,A102,Mug,6,2025-06-25,22.94,12044,United Kingdom,False,137.64
500029,A101,Gift Set,4,2025-11-02,12.79,12053,Netherlands,False,51.16
500212,A101,Lamp,7,2025-07-28,56.49,12220,Germany,False,395.43
500156,A105,Notebook,4,2025-01-22,77.98,12080,Spain,False,311.92
500294,A104,Decoration,2,2025-01-18,4.21,12052,France,False,8.42
500224,A100,Mug,5,2025-06-25,59.75,12185,Germany,False,298.75
500183,A105,Lamp,7,2025-05-28,74.3,12022,Germany,False,520.1
500152,A103,Lamp,4,2025-11-07,7.83,12216,France,False,31.32
500016,A105,Lamp,1,2025-08-01,10.59,12218,Germany,False,10.59
500021,A104,Toy,3,2025-10-04,55.97,12214,Spain,False,167.91
500184,A102,Mug,7,2025-08-02,52.54,12073,United Kingdom,False,367.78
500001,A103,Lamp,4,2025-05-07,7.37,12028,United Kingdom,False,29.48
500012,A103,Toy,7,2025-08-28,67.08,12106,Netherlands,False,469.56
500065,A104,Decoration,4,2025-08-15,42.83,12083,Germany,False,171.32
500265,A101,Lamp,1,2025-09-20,72.76,12239,Netherlands,False,72.76
500137,A101,Lamp,7,2025-03-11,70.48,12157,Spain,False,493.36
500212,A101,Decoration,6,2025-08-23,65.38,12236,Spain,False,392.28
500123,A101,Lamp,6,2025-04-15,42.24,12187,Netherlands,False,253.44
500051,A100,Decoration,7,2025-10-16,21.63,12178,Spain,False,151.41
500111,A100,Gift Set,2,2025-10-19,41.47,12027,France,False,82.94
500027,A105,Notebook,7,2025-08-17,9.86,12017,Germany,False,69.02
500231,A100,Gift Set,2,2025-12-12,53.39,12011,France,False,106.78
500055,A105,Gift Set,7,2025-07-16,12.45,12148,France,False,87.15
500112,A100,Notebook,2,2025-01-10,41.87,12050,Spain,False,83.74
500294,A104,Mug,4,2025-08-10,6.24,12247,United Kingdom,False,24.96
500177,A101,Notebook,6,2025-10-11,25.36,12033,Spain,False,152.16
500137,A103,Notebook,1,2025-02-06,20.1,12236,Germany,False,20.1
500162,A101,Lamp,1,2025-02-08,50.36,12166,France,False,50.36
500235,A102,Decoration,6,2025-04-10,63.37,12026,United Kingdom,False,380.22
500076,A102,Decoration,1,2025-11-05,6.47,12014,Spain,False,6.47
500190,A103,Notebook,5,2025-07-12,68.32,12098,Netherlands,False,341.6
500261,A102,Mug,7,2025-12-23,69.14,12084,Spain,False,483.98
500171,A103,Toy,5,2025-11-15,28.7,12078,Germany,False,143.5
500133,A104,Gift Set,4,2025-07-22,53.4,12132,Spain,False,213.6
500043,A102,Lamp,3,2025-09-05,33.4,12032,Germany,False,100.2
500074,A102,Notebook,5,2025-05-01,14.03,12032,France,False,70.15
500283,A100,Mug,5,2025-02-02,43.24,12173,France,False,216.2
500162,A102,Lamp,4,2025-05-26,8.74,12247,France,False,34.96
500090,A100,Mug,2,2025-08-05,70.52,12068,Netherlands,False,141.04
500125,A101,Mug,5,2025-03-08,74.09,12232,Spain,False,370.45
500173,A105,Lamp,6,2025-03-22,66.09,12086,United Kingdom,False,396.54
500161,A100,Mug,5,2025-01-06,45.88,12083,Netherlands,False,229.4
500209,A102,Toy,1,2025-09-25,45.49,12022,United Kingdom,False,45.49
500077,A105,Gift Set,5,2025-11-25,78.8,12105,Germany,False,394.0
500194,A105,Notebook,6,2025-10-30,21.34,12124,United Kingdom,False,128.04
500132,A100,Toy,2,2025-05-19,7.92,12165,France,False,15.84
500282,A100,Mug,6,2025-08-05,45.83,12039,Spain,False,274.98
500047,A102,Toy,4,2025-12-17,27.65,12047,Netherlands,False,110.6
500044,A103,Toy,4,2025-08-04,27.14,12108,Netherlands,False,108.56
500138,A105,Decoration,6,2025-04-18,2.55,12017,Netherlands,False,15.3
500152,A101,Mug,4,2025-05-04,48.51,12035,France,False,194.04
500207,A100,Toy,4,2025-09-23,22.59,12157,United Kingdom,False,90.36
500121,A101,Decoration,3,2025-06-12,16.65,12238,Netherlands,False,49.95
500274,A105,Toy,7,2025-11-02,5.15,12143,Netherlands,False,36.05
500142,A100,Mug,7,2025-11-12,30.42,12036,France,False,212.94
500038,A102,Toy,1,2025-01-14,70.56,12247,United Kingdom,False,70.56
500035,A100,Gift Set,6,2025-09-22,28.26,12130,Spain,False,169.56
500292,A100,Lamp,1,2025-05-16,54.97,12179,United Kingdom,False,54.97
500040,A105,Notebook,3,2025-07-09,61.01,12049,United Kingdom,False,183.03
500284,A100,Lamp,7,2025-04-07,27.59,12144,Netherlands,False,193.13
500083,A101,Lamp,2,2025-05-15,66.09,12019,Germany,False,132.18
500028,A105,Gift Set,3,2025-05-01,55.97,12156,United Kingdom,False,167.91
500091,A103,Lamp,2,2025-01-19,45.62,12050,Spain,False,91.24
500184,A100,Decoration,6,2025-10-13,2.08,12227,France,False,12.48
500128,A102,Notebook,4,2025-02-22,4.74,12013,Germany,False,18.96
500235,A105,Mug,5,2025-05-18,79.29,12163,Netherlands,False,396.45
500183,A102,Decoration,7,2025-03-12,63.02,12034,France,False,441.14
500120,A103,Gift Set,4,2025-02-28,75.13,12171,Spain,False,300.52
500190,A103,Notebook,6,2025-05-17,72.38,12123,Netherlands,False,434.28
500291,A103,Lamp,1,2025-12-02,3.59,12241,Germany,False,3.59
500123,A101,Notebook,2,2025-12-11,63.76,12162,Netherlands,False,127.52
500046,A105,Decoration,7,2025-05-20,37.19,12092,Germany,False,260.33
500122,A105,Notebook,7,2025-07-04,63.59,12021,Germany,False,445.13
500252,A100,Decoration,5,2025-12-26,2.52,12148,Netherlands,False,12.6
500065,A104,Gift Set,3,2025-03-27,24.48,12110,Spain,False,73.44
500284,A104,Toy,2,2025-12-11,60.6,12013,Netherlands,False,121.2
500176,A104,Lamp,6,2025-02-08,63.86,12145,Spain,False,383.16
500180,A102,Mug,6,2025-03-24,50.34,12052,Spain,False,302.04
500095,A102,Mug,2,2025-05-04,25.5,12058,France,False,51.0
500276,A105,Toy,5,2025-01-14,26.21,12002,France,False,131.05
500010,A100,Lamp,5,2025-10-25,77.41,12093,Netherlands,False,387.05
500089,A104,Lamp,4,2025-11-09,36.26,12054,Spain,False,145.04
500125,A105,Gift Set,7,2025-05-20,36.88,12017,France,False,258.16
500143,A104,Lamp,1,2025-11-02,45.08,12108,France,False,45.08
500142,A102,Decoration,2,2025-10-09,33.94,12055,Spain,False,67.88
500044,A103,Gift Set,1,2025-10-20,45.11,12033,United Kingdom,False,45.11
500067,A100,Notebook,5,2025-10-20,35.72,12116,United Kingdom,False,178.6
500028,A105,Notebook,5,2025-07-29,66.48,12015,Spain,False,332.4
500171,A102,Decoration,7,2025-02-10,72.91,12247,France,False,510.37
500105,A100,Mug,4,2025-12-04,74.7,12117,Spain,False,298.8
500169,A104,Notebook,2,2025-08-11,46.02,12249,Germany,False,92.04
500176,A103,Toy,4,2025-11-25,36.49,12220,Netherlands,False,145.96
500210,A103,Gift Set,1,2025-12-17,57.01,12244,Germany,False,57.01
500164,A100,Toy,5,2025-03-10,67.39,12135,Netherlands,False,336.95
500194,A104,Toy,5,2025-05-27,45.91,12105,Netherlands,False,229.55
500176,A103,Toy,7,2025-03-12,56.6,12179,France,False,396.2
500195,A104,Lamp,3,2025-01-19,60.48,12020,Netherlands,False,181.44
500184,A104,Toy,3,2025-12-19,54.76,12210,Spain,False,164.28
500094,A101,Toy,1,2025-12-04,60.2,12080,United Kingdom,False,60.2
500073,A101,Decoration,3,2025-12-07,18.27,12001,United Kingdom,False,54.81
500236,A105,Notebook,4,2025-11-19,40.87,12059,France,False,163.48
500102,A103,Notebook,6,2025-08-25,47.88,12060,United Kingdom,False,287.28
500164,A102,Lamp,6,2025-07-10,2.19,12003,France,False,13.14
500059,A101,Mug,1,2025-12-28,68.77,12167,Netherlands,False,68.77
500129,A103,Decoration,2,2025-07-21,49.58,12023,Germany,False,99.16
500158,A104,Toy,4,2025-08-23,12.07,12211,United Kingdom,False,48.28
500187,A100,Lamp,3,2025-03-19,65.68,12113,Germany,False,197.04
500157,A103,Mug,1,2025-09-30,57.93,12179,France,False,57.93
500108,A105,Notebook,6,2025-10-27,61.15,12084,Netherlands,False,366.9
500288,A101,Notebook,6,2025-09-05,32.58,12032,United Kingdom,False,195.48
500153,A101,Lamp,4,2025-07-01,68.63,12045,Spain,False,274.52
