StockCode,Description,Revenue,Units,Orders
A103,Notebook,7820.86,171,34
A102,Mug,6658.72,140,34
A105,Notebook,6269.64,142,26
A105,Gift Set,5942.72,143,32
A101,Lamp,5843.24,120,29
A101,Decoration,5780.09,136,31
A100,Mug,5589.99,139,34
A100,Toy,5563.44,111,25
A105,Decoration,5464.32,145,36
A100,Decoration,5134.86,127,34
A105,Lamp,5116.48,137,29
A100,Notebook,5062.34,131,30
A102,Lamp,5059.5,118,24
A102,Decoration,5003.67,108,26
A103,Mug,4867.91,110,29
A104,Lamp,4747.74,112,25
A103,Toy,4522.78,99,22
A101,Mug,4474.82,92,21
A102,Gift Set,4340.29,120,26
A104,Notebook,4140.62,99,24
A101,Notebook,4099.67,117,29
A104,Decoration,4073.91,110,26
A105,Mug,4058.21,123,24
A102,Notebook,3872.66,103,24
A105,Toy,3782.34,111,25
A100,Gift Set,3693.77,92,24
A104,Toy,3677.94,82,28
A101,Gift Set,3671.64,97,26
A104,Gift Set,3586.04,82,21
A103,Gift Set,3465.73,80,21
A100,Lamp,3426.42,100,24
A102,Toy,3280.55,86,24
A103,Lamp,3245.04,106,26
A101,Toy,3119.93,76,22
A104,Mug,2796.9,76,22
A103,Decoration,2327.2200000000003,66,19
